Fecha,Provincia,Long,Lat,Confirmados_acum,Recuperados_acum,Fallecidos_acum,Activos_acum,Fuente
2020-03-03,Buenos Aires,-60.55722,-36.67373,0,,,,
2020-03-03,CABA,-58.44591,-34.61449,1,,,,
2020-03-03,Catamarca,-66.94769,-27.33589,0,,,,
2020-03-03,Chaco,-60.76583,-26.38643,0,,,,
2020-03-03,Chubut,-68.52699,-43.78851,0,,,,
2020-03-03,Córdoba,-63.80186,-32.14292,0,,,,
2020-03-03,Corrientes,-57.80480,-28.78006,0,,,,
2020-03-03,Entre Ríos,-59.20145,-32.05887,0,,,,
2020-03-03,Formosa,-59.93246,-24.89495,0,,,,
2020-03-03,Jujuy,-65.76433,-23.31999,0,,,,
2020-03-03,La Pampa,-65.44665,-37.13155,0,,,,
2020-03-03,La Rioja,-67.18174,-29.68578,0,,,,
2020-03-03,Mendoza,-68.58313,-34.62998,0,,,,
2020-03-03,Misiones,-54.65168,-26.87541,0,,,,
2020-03-03,Neuquén,-70.11877,-38.64170,0,,,,
2020-03-03,Río Negro,-67.22940,-40.40577,0,,,,
2020-03-03,Salta,-64.93286,-25.03768,0,,,,
2020-03-03,San Juan,-68.88949,-30.86537,0,,,,
2020-03-03,San Luis,-66.02813,-33.75773,0,,,,
2020-03-03,Santa Cruz,-69.95597,-48.81547,0,,,,
2020-03-03,Santa Fe,-60.94991,-30.70707,0,,,,
2020-03-03,Santiago del Estero,-63.25238,-27.78242,0,,,,
2020-03-03,T. del Fuego + Malvinas,-67.47126,-54.32989,0,,,,
2020-03-03,Tucumán,-65.36485,-26.94806,0,,,,
2020-03-05,Buenos Aires,-60.55722,-36.67373,0,,,,
2020-03-05,CABA,-58.44591,-34.61449,2,,,,
2020-03-05,Catamarca,-66.94769,-27.33589,0,,,,
2020-03-05,Chaco,-60.76583,-26.38643,0,,,,
2020-03-05,Chubut,-68.52699,-43.78851,0,,,,
2020-03-05,Córdoba,-63.80186,-32.14292,0,,,,
2020-03-05,Corrientes,-57.80480,-28.78006,0,,,,
2020-03-05,Entre Ríos,-59.20145,-32.05887,0,,,,
2020-03-05,Formosa,-59.93246,-24.89495,0,,,,
2020-03-05,Jujuy,-65.76433,-23.31999,0,,,,
2020-03-05,La Pampa,-65.44665,-37.13155,0,,,,
2020-03-05,La Rioja,-67.18174,-29.68578,0,,,,
2020-03-05,Mendoza,-68.58313,-34.62998,0,,,,
2020-03-05,Misiones,-54.65168,-26.87541,0,,,,
2020-03-05,Neuquén,-70.11877,-38.64170,0,,,,
2020-03-05,Río Negro,-67.22940,-40.40577,0,,,,
2020-03-05,Salta,-64.93286,-25.03768,0,,,,
2020-03-05,San Juan,-68.88949,-30.86537,0,,,,
2020-03-05,San Luis,-66.02813,-33.75773,0,,,,
2020-03-05,Santa Cruz,-69.95597,-48.81547,0,,,,
2020-03-05,Santa Fe,-60.94991,-30.70707,0,,,,
2020-03-05,Santiago del Estero,-63.25238,-27.78242,0,,,,
2020-03-05,T. del Fuego + Malvinas,-67.47126,-54.32989,0,,,,
2020-03-05,Tucumán,-65.36485,-26.94806,0,,,,
2020-03-07,Buenos Aires,-60.55722,-36.67373,1,,,,
2020-03-07,CABA,-58.44591,-34.61449,6,,,,
2020-03-07,Catamarca,-66.94769,-27.33589,0,,,,
2020-03-07,Chaco,-60.76583,-26.38643,0,,,,
2020-03-07,Chubut,-68.52699,-43.78851,0,,,,
2020-03-07,Córdoba,-63.80186,-32.14292,1,,,,
2020-03-07,Corrientes,-57.80480,-28.78006,0,,,,
2020-03-07,Entre Ríos,-59.20145,-32.05887,0,,,,
2020-03-07,Formosa,-59.93246,-24.89495,0,,,,
2020-03-07,Jujuy,-65.76433,-23.31999,0,,,,
2020-03-07,La Pampa,-65.44665,-37.13155,0,,,,
2020-03-07,La Rioja,-67.18174,-29.68578,0,,,,
2020-03-07,Mendoza,-68.58313,-34.62998,0,,,,
2020-03-07,Misiones,-54.65168,-26.87541,0,,,,
2020-03-07,Neuquén,-70.11877,-38.64170,0,,,,
2020-03-07,Río Negro,-67.22940,-40.40577,0,,,,
2020-03-07,Salta,-64.93286,-25.03768,0,,,,
2020-03-07,San Juan,-68.88949,-30.86537,0,,,,
2020-03-07,San Luis,-66.02813,-33.75773,0,,,,
2020-03-07,Santa Cruz,-69.95597,-48.81547,0,,,,
2020-03-07,Santa Fe,-60.94991,-30.70707,0,,,,
2020-03-07,Santiago del Estero,-63.25238,-27.78242,0,,,,
2020-03-07,T. del Fuego + Malvinas,-67.47126,-54.32989,0,,,,
2020-03-07,Tucumán,-65.36485,-26.94806,0,,,,
2020-03-08,Buenos Aires,-60.55722,-36.67373,2,,,,
2020-03-08,CABA,-58.44591,-34.61449,8,,,,
2020-03-08,Catamarca,-66.94769,-27.33589,0,,,,
2020-03-08,Chaco,-60.76583,-26.38643,0,,,,
2020-03-08,Chubut,-68.52699,-43.78851,0,,,,
2020-03-08,Córdoba,-63.80186,-32.14292,1,,,,
2020-03-08,Corrientes,-57.80480,-28.78006,0,,,,
2020-03-08,Entre Ríos,-59.20145,-32.05887,0,,,,
2020-03-08,Formosa,-59.93246,-24.89495,0,,,,
2020-03-08,Jujuy,-65.76433,-23.31999,0,,,,
2020-03-08,La Pampa,-65.44665,-37.13155,0,,,,
2020-03-08,La Rioja,-67.18174,-29.68578,0,,,,
2020-03-08,Mendoza,-68.58313,-34.62998,0,,,,
2020-03-08,Misiones,-54.65168,-26.87541,0,,,,
2020-03-08,Neuquén,-70.11877,-38.64170,0,,,,
2020-03-08,Río Negro,-67.22940,-40.40577,0,,,,
2020-03-08,Salta,-64.93286,-25.03768,0,,,,
2020-03-08,San Juan,-68.88949,-30.86537,0,,,,
2020-03-08,San Luis,-66.02813,-33.75773,0,,,,
2020-03-08,Santa Cruz,-69.95597,-48.81547,0,,,,
2020-03-08,Santa Fe,-60.94991,-30.70707,0,,,,
2020-03-08,Santiago del Estero,-63.25238,-27.78242,0,,,,
2020-03-08,T. del Fuego + Malvinas,-67.47126,-54.32989,0,,,,
2020-03-08,Tucumán,-65.36485,-26.94806,0,,,,
2020-03-09,Buenos Aires,-60.55722,-36.67373,2,,,,
2020-03-09,CABA,-58.44591,-34.61449,9,,,,
2020-03-09,Catamarca,-66.94769,-27.33589,0,,,,
2020-03-09,Chaco,-60.76583,-26.38643,2,,,,
2020-03-09,Chubut,-68.52699,-43.78851,0,,,,
2020-03-09,Córdoba,-63.80186,-32.14292,1,,,,
2020-03-09,Corrientes,-57.80480,-28.78006,0,,,,
2020-03-09,Entre Ríos,-59.20145,-32.05887,0,,,,
2020-03-09,Formosa,-59.93246,-24.89495,0,,,,
2020-03-09,Jujuy,-65.76433,-23.31999,0,,,,
2020-03-09,La Pampa,-65.44665,-37.13155,0,,,,
2020-03-09,La Rioja,-67.18174,-29.68578,0,,,,
2020-03-09,Mendoza,-68.58313,-34.62998,0,,,,
2020-03-09,Misiones,-54.65168,-26.87541,0,,,,
2020-03-09,Neuquén,-70.11877,-38.64170,0,,,,
2020-03-09,Río Negro,-67.22940,-40.40577,1,,,,
2020-03-09,Salta,-64.93286,-25.03768,0,,,,
2020-03-09,San Juan,-68.88949,-30.86537,0,,,,
2020-03-09,San Luis,-66.02813,-33.75773,1,,,,
2020-03-09,Santa Cruz,-69.95597,-48.81547,0,,,,
2020-03-09,Santa Fe,-60.94991,-30.70707,0,,,,
2020-03-09,Santiago del Estero,-63.25238,-27.78242,0,,,,
2020-03-09,T. del Fuego + Malvinas,-67.47126,-54.32989,0,,,,
2020-03-09,Tucumán,-65.36485,-26.94806,0,,,,
2020-03-10,Buenos Aires,-60.55722,-36.67373,3,,,,
2020-03-10,CABA,-58.44591,-34.61449,10,,,,
2020-03-10,Catamarca,-66.94769,-27.33589,0,,,,
2020-03-10,Chaco,-60.76583,-26.38643,2,,,,
2020-03-10,Chubut,-68.52699,-43.78851,0,,,,
2020-03-10,Córdoba,-63.80186,-32.14292,1,,,,
2020-03-10,Corrientes,-57.80480,-28.78006,0,,,,
2020-03-10,Entre Ríos,-59.20145,-32.05887,0,,,,
2020-03-10,Formosa,-59.93246,-24.89495,0,,,,
2020-03-10,Jujuy,-65.76433,-23.31999,0,,,,
2020-03-10,La Pampa,-65.44665,-37.13155,0,,,,
2020-03-10,La Rioja,-67.18174,-29.68578,0,,,,
2020-03-10,Mendoza,-68.58313,-34.62998,0,,,,
2020-03-10,Misiones,-54.65168,-26.87541,0,,,,
2020-03-10,Neuquén,-70.11877,-38.64170,0,,,,
2020-03-10,Río Negro,-67.22940,-40.40577,1,,,,
2020-03-10,Salta,-64.93286,-25.03768,0,,,,
2020-03-10,San Juan,-68.88949,-30.86537,0,,,,
2020-03-10,San Luis,-66.02813,-33.75773,1,,,,
2020-03-10,Santa Cruz,-69.95597,-48.81547,0,,,,
2020-03-10,Santa Fe,-60.94991,-30.70707,0,,,,
2020-03-10,Santiago del Estero,-63.25238,-27.78242,0,,,,
2020-03-10,T. del Fuego + Malvinas,-67.47126,-54.32989,0,,,,
2020-03-10,Tucumán,-65.36485,-26.94806,0,,,,
2020-03-11,Buenos Aires,-60.55722,-36.67373,4,,,,
2020-03-11,CABA,-58.44591,-34.61449,11,,,,
2020-03-11,Catamarca,-66.94769,-27.33589,0,,,,
2020-03-11,Chaco,-60.76583,-26.38643,2,,,,
2020-03-11,Chubut,-68.52699,-43.78851,0,,,,
2020-03-11,Córdoba,-63.80186,-32.14292,1,,,,
2020-03-11,Corrientes,-57.80480,-28.78006,0,,,,
2020-03-11,Entre Ríos,-59.20145,-32.05887,0,,,,
2020-03-11,Formosa,-59.93246,-24.89495,0,,,,
2020-03-11,Jujuy,-65.76433,-23.31999,0,,,,
2020-03-11,La Pampa,-65.44665,-37.13155,0,,,,
2020-03-11,La Rioja,-67.18174,-29.68578,0,,,,
2020-03-11,Mendoza,-68.58313,-34.62998,0,,,,
2020-03-11,Misiones,-54.65168,-26.87541,0,,,,
2020-03-11,Neuquén,-70.11877,-38.64170,0,,,,
2020-03-11,Río Negro,-67.22940,-40.40577,1,,,,
2020-03-11,Salta,-64.93286,-25.03768,0,,,,
2020-03-11,San Juan,-68.88949,-30.86537,0,,,,
2020-03-11,San Luis,-66.02813,-33.75773,1,,,,
2020-03-11,Santa Cruz,-69.95597,-48.81547,0,,,,
2020-03-11,Santa Fe,-60.94991,-30.70707,0,,,,
2020-03-11,Santiago del Estero,-63.25238,-27.78242,0,,,,
2020-03-11,T. del Fuego + Malvinas,-67.47126,-54.32989,0,,,,
2020-03-11,Tucumán,-65.36485,-26.94806,0,,,,
2020-03-12,Buenos Aires,-60.55722,-36.67373,6,,,,
2020-03-12,CABA,-58.44591,-34.61449,12,,,,
2020-03-12,Catamarca,-66.94769,-27.33589,0,,,,
2020-03-12,Chaco,-60.76583,-26.38643,6,,,,
2020-03-12,Chubut,-68.52699,-43.78851,0,,,,
2020-03-12,Córdoba,-63.80186,-32.14292,4,,,,
2020-03-12,Corrientes,-57.80480,-28.78006,0,,,,
2020-03-12,Entre Ríos,-59.20145,-32.05887,0,,,,
2020-03-12,Formosa,-59.93246,-24.89495,0,,,,
2020-03-12,Jujuy,-65.76433,-23.31999,0,,,,
2020-03-12,La Pampa,-65.44665,-37.13155,0,,,,
2020-03-12,La Rioja,-67.18174,-29.68578,0,,,,
2020-03-12,Mendoza,-68.58313,-34.62998,0,,,,
2020-03-12,Misiones,-54.65168,-26.87541,0,,,,
2020-03-12,Neuquén,-70.11877,-38.64170,0,,,,
2020-03-12,Río Negro,-67.22940,-40.40577,1,,,,
2020-03-12,Salta,-64.93286,-25.03768,0,,,,
2020-03-12,San Juan,-68.88949,-30.86537,0,,,,
2020-03-12,San Luis,-66.02813,-33.75773,1,,,,
2020-03-12,Santa Cruz,-69.95597,-48.81547,0,,,,
2020-03-12,Santa Fe,-60.94991,-30.70707,0,,,,
2020-03-12,Santiago del Estero,-63.25238,-27.78242,0,,,,
2020-03-12,T. del Fuego + Malvinas,-67.47126,-54.32989,0,,,,
2020-03-12,Tucumán,-65.36485,-26.94806,0,,,,
2020-03-13,Buenos Aires,-60.55722,-36.67373,7,,,,
2020-03-13,CABA,-58.44591,-34.61449,14,,,,
2020-03-13,Catamarca,-66.94769,-27.33589,0,,,,
2020-03-13,Chaco,-60.76583,-26.38643,6,,,,
2020-03-13,Chubut,-68.52699,-43.78851,0,,,,
2020-03-13,Córdoba,-63.80186,-32.14292,4,,,,
2020-03-13,Corrientes,-57.80480,-28.78006,0,,,,
2020-03-13,Entre Ríos,-59.20145,-32.05887,0,,,,
2020-03-13,Formosa,-59.93246,-24.89495,0,,,,
2020-03-13,Jujuy,-65.76433,-23.31999,0,,,,
2020-03-13,La Pampa,-65.44665,-37.13155,0,,,,
2020-03-13,La Rioja,-67.18174,-29.68578,0,,,,
2020-03-13,Mendoza,-68.58313,-34.62998,0,,,,
2020-03-13,Misiones,-54.65168,-26.87541,0,,,,
2020-03-13,Neuquén,-70.11877,-38.64170,0,,,,
2020-03-13,Río Negro,-67.22940,-40.40577,1,,,,
2020-03-13,Salta,-64.93286,-25.03768,0,,,,
2020-03-13,San Juan,-68.88949,-30.86537,0,,,,
2020-03-13,San Luis,-66.02813,-33.75773,1,,,,
2020-03-13,Santa Cruz,-69.95597,-48.81547,0,,,,
2020-03-13,Santa Fe,-60.94991,-30.70707,0,,,,
2020-03-13,Santiago del Estero,-63.25238,-27.78242,0,,,,
2020-03-13,T. del Fuego + Malvinas,-67.47126,-54.32989,0,,,,
2020-03-13,Tucumán,-65.36485,-26.94806,0,,,,
2020-03-14,Buenos Aires,-60.55722,-36.67373,9,,,,
2020-03-14,CABA,-58.44591,-34.61449,18,,,,
2020-03-14,Catamarca,-66.94769,-27.33589,0,,,,
2020-03-14,Chaco,-60.76583,-26.38643,9,,,,
2020-03-14,Chubut,-68.52699,-43.78851,0,,,,
2020-03-14,Córdoba,-63.80186,-32.14292,4,,,,
2020-03-14,Corrientes,-57.80480,-28.78006,0,,,,
2020-03-14,Entre Ríos,-59.20145,-32.05887,0,,,,
2020-03-14,Formosa,-59.93246,-24.89495,0,,,,
2020-03-14,Jujuy,-65.76433,-23.31999,0,,,,
2020-03-14,La Pampa,-65.44665,-37.13155,0,,,,
2020-03-14,La Rioja,-67.18174,-29.68578,0,,,,
2020-03-14,Mendoza,-68.58313,-34.62998,0,,,,
2020-03-14,Misiones,-54.65168,-26.87541,0,,,,
2020-03-14,Neuquén,-70.11877,-38.64170,0,,,,
2020-03-14,Río Negro,-67.22940,-40.40577,1,,,,
2020-03-14,Salta,-64.93286,-25.03768,0,,,,
2020-03-14,San Juan,-68.88949,-30.86537,0,,,,
2020-03-14,San Luis,-66.02813,-33.75773,1,,,,
2020-03-14,Santa Cruz,-69.95597,-48.81547,0,,,,
2020-03-14,Santa Fe,-60.94991,-30.70707,2,,,,
2020-03-14,Santiago del Estero,-63.25238,-27.78242,0,,,,
2020-03-14,T. del Fuego + Malvinas,-67.47126,-54.32989,0,,,,
2020-03-14,Tucumán,-65.36485,-26.94806,0,,,,
2020-03-15,Buenos Aires,-60.55722,-36.67373,10,,,,
2020-03-15,CABA,-58.44591,-34.61449,24,,,,
2020-03-15,Catamarca,-66.94769,-27.33589,0,,,,
2020-03-15,Chaco,-60.76583,-26.38643,11,,,,
2020-03-15,Chubut,-68.52699,-43.78851,0,,,,
2020-03-15,Córdoba,-63.80186,-32.14292,4,,,,
2020-03-15,Corrientes,-57.80480,-28.78006,0,,,,
2020-03-15,Entre Ríos,-59.20145,-32.05887,0,,,,
2020-03-15,Formosa,-59.93246,-24.89495,0,,,,
2020-03-15,Jujuy,-65.76433,-23.31999,0,,,,
2020-03-15,La Pampa,-65.44665,-37.13155,0,,,,
2020-03-15,La Rioja,-67.18174,-29.68578,0,,,,
2020-03-15,Mendoza,-68.58313,-34.62998,0,,,,
2020-03-15,Misiones,-54.65168,-26.87541,0,,,,
2020-03-15,Neuquén,-70.11877,-38.64170,0,,,,
2020-03-15,Río Negro,-67.22940,-40.40577,1,,,,
2020-03-15,Salta,-64.93286,-25.03768,0,,,,
2020-03-15,San Juan,-68.88949,-30.86537,0,,,,
2020-03-15,San Luis,-66.02813,-33.75773,1,,,,
2020-03-15,Santa Cruz,-69.95597,-48.81547,0,,,,
2020-03-15,Santa Fe,-60.94991,-30.70707,2,,,,
2020-03-15,Santiago del Estero,-63.25238,-27.78242,0,,,,
2020-03-15,T. del Fuego + Malvinas,-67.47126,-54.32989,2,,,,
2020-03-15,Tucumán,-65.36485,-26.94806,0,,,,
2020-03-16,Buenos Aires,-60.55722,-36.67373,11,,,,
2020-03-16,CABA,-58.44591,-34.61449,29,,,,
2020-03-16,Catamarca,-66.94769,-27.33589,0,,,,
2020-03-16,Chaco,-60.76583,-26.38643,14,,,,
2020-03-16,Chubut,-68.52699,-43.78851,0,,,,
2020-03-16,Córdoba,-63.80186,-32.14292,4,,,,
2020-03-16,Corrientes,-57.80480,-28.78006,0,,,,
2020-03-16,Entre Ríos,-59.20145,-32.05887,0,,,,
2020-03-16,Formosa,-59.93246,-24.89495,0,,,,
2020-03-16,Jujuy,-65.76433,-23.31999,0,,,,
2020-03-16,La Pampa,-65.44665,-37.13155,0,,,,
2020-03-16,La Rioja,-67.18174,-29.68578,0,,,,
2020-03-16,Mendoza,-68.58313,-34.62998,0,,,,
2020-03-16,Misiones,-54.65168,-26.87541,0,,,,
2020-03-16,Neuquén,-70.11877,-38.64170,0,,,,
2020-03-16,Río Negro,-67.22940,-40.40577,1,,,,
2020-03-16,Salta,-64.93286,-25.03768,0,,,,
2020-03-16,San Juan,-68.88949,-30.86537,0,,,,
2020-03-16,San Luis,-66.02813,-33.75773,1,,,,
2020-03-16,Santa Cruz,-69.95597,-48.81547,0,,,,
2020-03-16,Santa Fe,-60.94991,-30.70707,2,,,,
2020-03-16,Santiago del Estero,-63.25238,-27.78242,0,,,,
2020-03-16,T. del Fuego + Malvinas,-67.47126,-54.32989,2,,,,
2020-03-16,Tucumán,-65.36485,-26.94806,0,,,,
2020-03-17,Buenos Aires,-60.55722,-36.67373,13,,,,
2020-03-17,CABA,-58.44591,-34.61449,33,,,,
2020-03-17,Catamarca,-66.94769,-27.33589,0,,,,
2020-03-17,Chaco,-60.76583,-26.38643,15,,,,
2020-03-17,Chubut,-68.52699,-43.78851,0,,,,
2020-03-17,Córdoba,-63.80186,-32.14292,6,,,,
2020-03-17,Corrientes,-57.80480,-28.78006,0,,,,
2020-03-17,Entre Ríos,-59.20145,-32.05887,1,,,,
2020-03-17,Formosa,-59.93246,-24.89495,0,,,,
2020-03-17,Jujuy,-65.76433,-23.31999,1,,,,
2020-03-17,La Pampa,-65.44665,-37.13155,0,,,,
2020-03-17,La Rioja,-67.18174,-29.68578,0,,,,
2020-03-17,Mendoza,-68.58313,-34.62998,0,,,,
2020-03-17,Misiones,-54.65168,-26.87541,0,,,,
2020-03-17,Neuquén,-70.11877,-38.64170,0,,,,
2020-03-17,Río Negro,-67.22940,-40.40577,2,,,,
2020-03-17,Salta,-64.93286,-25.03768,1,,,,
2020-03-17,San Juan,-68.88949,-30.86537,0,,,,
2020-03-17,San Luis,-66.02813,-33.75773,1,,,,
2020-03-17,Santa Cruz,-69.95597,-48.81547,1,,,,
2020-03-17,Santa Fe,-60.94991,-30.70707,2,,,,
2020-03-17,Santiago del Estero,-63.25238,-27.78242,0,,,,
2020-03-17,T. del Fuego + Malvinas,-67.47126,-54.32989,2,,,,
2020-03-17,Tucumán,-65.36485,-26.94806,0,,,,
2020-03-18,Buenos Aires,-60.55722,-36.67373,19,,,,
2020-03-18,CABA,-58.44591,-34.61449,43,,,,
2020-03-18,Catamarca,-66.94769,-27.33589,0,,,,
2020-03-18,Chaco,-60.76583,-26.38643,16,,,,
2020-03-18,Chubut,-68.52699,-43.78851,0,,,,
2020-03-18,Córdoba,-63.80186,-32.14292,7,,,,
2020-03-18,Corrientes,-57.80480,-28.78006,0,,,,
2020-03-18,Entre Ríos,-59.20145,-32.05887,2,,,,
2020-03-18,Formosa,-59.93246,-24.89495,0,,,,
2020-03-18,Jujuy,-65.76433,-23.31999,1,,,,
2020-03-18,La Pampa,-65.44665,-37.13155,0,,,,
2020-03-18,La Rioja,-67.18174,-29.68578,0,,,,
2020-03-18,Mendoza,-68.58313,-34.62998,0,,,,
2020-03-18,Misiones,-54.65168,-26.87541,0,,,,
2020-03-18,Neuquén,-70.11877,-38.64170,0,,,,
2020-03-18,Río Negro,-67.22940,-40.40577,2,,,,
2020-03-18,Salta,-64.93286,-25.03768,1,,,,
2020-03-18,San Juan,-68.88949,-30.86537,0,,,,
2020-03-18,San Luis,-66.02813,-33.75773,1,,,,
2020-03-18,Santa Cruz,-69.95597,-48.81547,1,,,,
2020-03-18,Santa Fe,-60.94991,-30.70707,2,,,,
2020-03-18,Santiago del Estero,-63.25238,-27.78242,0,,,,
2020-03-18,T. del Fuego + Malvinas,-67.47126,-54.32989,2,,,,
2020-03-18,Tucumán,-65.36485,-26.94806,0,,,,
2020-03-19,Buenos Aires,-60.55722,-36.67373,34,,,,
2020-03-19,CABA,-58.44591,-34.61449,51,,,,
2020-03-19,Catamarca,-66.94769,-27.33589,0,,,,
2020-03-19,Chaco,-60.76583,-26.38643,18,,,,
2020-03-19,Chubut,-68.52699,-43.78851,0,,,,
2020-03-19,Córdoba,-63.80186,-32.14292,10,,,,
2020-03-19,Corrientes,-57.80480,-28.78006,0,,,,
2020-03-19,Entre Ríos,-59.20145,-32.05887,2,,,,
2020-03-19,Formosa,-59.93246,-24.89495,0,,,,
2020-03-19,Jujuy,-65.76433,-23.31999,1,,,,
2020-03-19,La Pampa,-65.44665,-37.13155,0,,,,
2020-03-19,La Rioja,-67.18174,-29.68578,0,,,,
2020-03-19,Mendoza,-68.58313,-34.62998,0,,,,
2020-03-19,Misiones,-54.65168,-26.87541,0,,,,
2020-03-19,Neuquén,-70.11877,-38.64170,0,,,,
2020-03-19,Río Negro,-67.22940,-40.40577,3,,,,
2020-03-19,Salta,-64.93286,-25.03768,1,,,,
2020-03-19,San Juan,-68.88949,-30.86537,0,,,,
2020-03-19,San Luis,-66.02813,-33.75773,1,,,,
2020-03-19,Santa Cruz,-69.95597,-48.81547,1,,,,
2020-03-19,Santa Fe,-60.94991,-30.70707,3,,,,
2020-03-19,Santiago del Estero,-63.25238,-27.78242,0,,,,
2020-03-19,T. del Fuego + Malvinas,-67.47126,-54.32989,2,,,,
2020-03-19,Tucumán,-65.36485,-26.94806,1,,,,
2020-03-20,Buenos Aires,-60.55722,-36.67373,43,,,,
2020-03-20,CABA,-58.44591,-34.61449,60,,,,
2020-03-20,Catamarca,-66.94769,-27.33589,0,,,,
2020-03-20,Chaco,-60.76583,-26.38643,19,,,,
2020-03-20,Chubut,-68.52699,-43.78851,0,,,,
2020-03-20,Córdoba,-63.80186,-32.14292,15,,,,
2020-03-20,Corrientes,-57.80480,-28.78006,1,,,,
2020-03-20,Entre Ríos,-59.20145,-32.05887,3,,,,
2020-03-20,Formosa,-59.93246,-24.89495,0,,,,
2020-03-20,Jujuy,-65.76433,-23.31999,1,,,,
2020-03-20,La Pampa,-65.44665,-37.13155,0,,,,
2020-03-20,La Rioja,-67.18174,-29.68578,0,,,,
2020-03-20,Mendoza,-68.58313,-34.62998,0,,,,
2020-03-20,Misiones,-54.65168,-26.87541,0,,,,
2020-03-20,Neuquén,-70.11877,-38.64170,2,,,,
2020-03-20,Río Negro,-67.22940,-40.40577,3,,,,
2020-03-20,Salta,-64.93286,-25.03768,1,,,,
2020-03-20,San Juan,-68.88949,-30.86537,0,,,,
2020-03-20,San Luis,-66.02813,-33.75773,1,,,,
2020-03-20,Santa Cruz,-69.95597,-48.81547,1,,,,
2020-03-20,Santa Fe,-60.94991,-30.70707,3,,,,
2020-03-20,Santiago del Estero,-63.25238,-27.78242,1,,,,
2020-03-20,T. del Fuego + Malvinas,-67.47126,-54.32989,3,,,,
2020-03-20,Tucumán,-65.36485,-26.94806,1,,,,
2020-03-21,Buenos Aires,-60.55722,-36.67373,58,,,,
2020-03-21,CABA,-58.44591,-34.61449,89,,,,
2020-03-21,Catamarca,-66.94769,-27.33589,0,,,,
2020-03-21,Chaco,-60.76583,-26.38643,24,,,,
2020-03-21,Chubut,-68.52699,-43.78851,0,,,,
2020-03-21,Córdoba,-63.80186,-32.14292,19,,,,
2020-03-21,Corrientes,-57.80480,-28.78006,3,,,,
2020-03-21,Entre Ríos,-59.20145,-32.05887,3,,,,
2020-03-21,Formosa,-59.93246,-24.89495,0,,,,
2020-03-21,Jujuy,-65.76433,-23.31999,1,,,,
2020-03-21,La Pampa,-65.44665,-37.13155,0,,,,
2020-03-21,La Rioja,-67.18174,-29.68578,0,,,,
2020-03-21,Mendoza,-68.58313,-34.62998,5,,,,
2020-03-21,Misiones,-54.65168,-26.87541,0,,,,
2020-03-21,Neuquén,-70.11877,-38.64170,2,,,,
2020-03-21,Río Negro,-67.22940,-40.40577,4,,,,
2020-03-21,Salta,-64.93286,-25.03768,1,,,,
2020-03-21,San Juan,-68.88949,-30.86537,0,,,,
2020-03-21,San Luis,-66.02813,-33.75773,1,,,,
2020-03-21,Santa Cruz,-69.95597,-48.81547,1,,,,
2020-03-21,Santa Fe,-60.94991,-30.70707,5,,,,
2020-03-21,Santiago del Estero,-63.25238,-27.78242,1,,,,
2020-03-21,T. del Fuego + Malvinas,-67.47126,-54.32989,6,,,,
2020-03-21,Tucumán,-65.36485,-26.94806,2,,,,
2020-03-22,Buenos Aires,-60.55722,-36.67373,66,,,,
2020-03-22,CABA,-58.44591,-34.61449,101,,,,
2020-03-22,Catamarca,-66.94769,-27.33589,0,,,,
2020-03-22,Chaco,-60.76583,-26.38643,31,,,,
2020-03-22,Chubut,-68.52699,-43.78851,0,,,,
2020-03-22,Córdoba,-63.80186,-32.14292,27,,,,
2020-03-22,Corrientes,-57.80480,-28.78006,3,,,,
2020-03-22,Entre Ríos,-59.20145,-32.05887,3,,,,
2020-03-22,Formosa,-59.93246,-24.89495,0,,,,
2020-03-22,Jujuy,-65.76433,-23.31999,1,,,,
2020-03-22,La Pampa,-65.44665,-37.13155,0,,,,
2020-03-22,La Rioja,-67.18174,-29.68578,0,,,,
2020-03-22,Mendoza,-68.58313,-34.62998,5,,,,
2020-03-22,Misiones,-54.65168,-26.87541,1,,,,
2020-03-22,Neuquén,-70.11877,-38.64170,2,,,,
2020-03-22,Río Negro,-67.22940,-40.40577,4,,,,
2020-03-22,Salta,-64.93286,-25.03768,1,,,,
2020-03-22,San Juan,-68.88949,-30.86537,0,,,,
2020-03-22,San Luis,-66.02813,-33.75773,1,,,,
2020-03-22,Santa Cruz,-69.95597,-48.81547,1,,,,
2020-03-22,Santa Fe,-60.94991,-30.70707,5,,,,
2020-03-22,Santiago del Estero,-63.25238,-27.78242,1,,,,
2020-03-22,T. del Fuego + Malvinas,-67.47126,-54.32989,6,,,,
2020-03-22,Tucumán,-65.36485,-26.94806,7,,,,
2020-03-23,Buenos Aires,-60.55722,-36.67373,71,,,,
2020-03-23,CABA,-58.44591,-34.61449,112,,,,
2020-03-23,Catamarca,-66.94769,-27.33589,0,,,,
2020-03-23,Chaco,-60.76583,-26.38643,35,,,,
2020-03-23,Chubut,-68.52699,-43.78851,0,,,,
2020-03-23,Córdoba,-63.80186,-32.14292,30,,,,
2020-03-23,Corrientes,-57.80480,-28.78006,3,,,,
2020-03-23,Entre Ríos,-59.20145,-32.05887,3,,,,
2020-03-23,Formosa,-59.93246,-24.89495,0,,,,
2020-03-23,Jujuy,-65.76433,-23.31999,1,,,,
2020-03-23,La Pampa,-65.44665,-37.13155,0,,,,
2020-03-23,La Rioja,-67.18174,-29.68578,0,,,,
2020-03-23,Mendoza,-68.58313,-34.62998,5,,,,
2020-03-23,Misiones,-54.65168,-26.87541,1,,,,
2020-03-23,Neuquén,-70.11877,-38.64170,2,,,,
2020-03-23,Río Negro,-67.22940,-40.40577,4,,,,
2020-03-23,Salta,-64.93286,-25.03768,1,,,,
2020-03-23,San Juan,-68.88949,-30.86537,0,,,,
2020-03-23,San Luis,-66.02813,-33.75773,1,,,,
2020-03-23,Santa Cruz,-69.95597,-48.81547,1,,,,
2020-03-23,Santa Fe,-60.94991,-30.70707,18,,,,
2020-03-23,Santiago del Estero,-63.25238,-27.78242,1,,,,
2020-03-23,T. del Fuego + Malvinas,-67.47126,-54.32989,6,,,,
2020-03-23,Tucumán,-65.36485,-26.94806,7,,,,
2020-03-24,Buenos Aires,-60.55722,-36.67373,101,,,,
2020-03-24,CABA,-58.44591,-34.61449,142,,,,
2020-03-24,Catamarca,-66.94769,-27.33589,0,,,,
2020-03-24,Chaco,-60.76583,-26.38643,44,,,,
2020-03-24,Chubut,-68.52699,-43.78851,0,,,,
2020-03-24,Córdoba,-63.80186,-32.14292,37,,,,
2020-03-24,Corrientes,-57.80480,-28.78006,3,,,,
2020-03-24,Entre Ríos,-59.20145,-32.05887,3,,,,
2020-03-24,Formosa,-59.93246,-24.89495,0,,,,
2020-03-24,Jujuy,-65.76433,-23.31999,1,,,,
2020-03-24,La Pampa,-65.44665,-37.13155,1,,,,
2020-03-24,La Rioja,-67.18174,-29.68578,0,,,,
2020-03-24,Mendoza,-68.58313,-34.62998,5,,,,
2020-03-24,Misiones,-54.65168,-26.87541,1,,,,
2020-03-24,Neuquén,-70.11877,-38.64170,3,,,,
2020-03-24,Río Negro,-67.22940,-40.40577,4,,,,
2020-03-24,Salta,-64.93286,-25.03768,1,,,,
2020-03-24,San Juan,-68.88949,-30.86537,0,,,,
2020-03-24,San Luis,-66.02813,-33.75773,1,,,,
2020-03-24,Santa Cruz,-69.95597,-48.81547,2,,,,
2020-03-24,Santa Fe,-60.94991,-30.70707,21,,,,
2020-03-24,Santiago del Estero,-63.25238,-27.78242,1,,,,
2020-03-24,T. del Fuego + Malvinas,-67.47126,-54.32989,10,,,,
2020-03-24,Tucumán,-65.36485,-26.94806,7,,,,
2020-03-25,Buenos Aires,-60.55722,-36.67373,131,,,,
2020-03-25,CABA,-58.44591,-34.61449,163,,,,
2020-03-25,Catamarca,-66.94769,-27.33589,0,,,,
2020-03-25,Chaco,-60.76583,-26.38643,56,,,,
2020-03-25,Chubut,-68.52699,-43.78851,0,,,,
2020-03-25,Córdoba,-63.80186,-32.14292,52,,,,
2020-03-25,Corrientes,-57.80480,-28.78006,3,,,,
2020-03-25,Entre Ríos,-59.20145,-32.05887,6,,,,
2020-03-25,Formosa,-59.93246,-24.89495,0,,,,
2020-03-25,Jujuy,-65.76433,-23.31999,1,,,,
2020-03-25,La Pampa,-65.44665,-37.13155,1,,,,
2020-03-25,La Rioja,-67.18174,-29.68578,0,,,,
2020-03-25,Mendoza,-68.58313,-34.62998,6,,,,
2020-03-25,Misiones,-54.65168,-26.87541,1,,,,
2020-03-25,Neuquén,-70.11877,-38.64170,4,,,,
2020-03-25,Río Negro,-67.22940,-40.40577,4,,,,
2020-03-25,Salta,-64.93286,-25.03768,1,,,,
2020-03-25,San Juan,-68.88949,-30.86537,0,,,,
2020-03-25,San Luis,-66.02813,-33.75773,5,,,,
2020-03-25,Santa Cruz,-69.95597,-48.81547,7,,,,
2020-03-25,Santa Fe,-60.94991,-30.70707,43,,,,
2020-03-25,Santiago del Estero,-63.25238,-27.78242,1,,,,
2020-03-25,T. del Fuego + Malvinas,-67.47126,-54.32989,11,,,,
2020-03-25,Tucumán,-65.36485,-26.94806,9,,,,
2020-03-26,Buenos Aires,-60.55722,-36.67373,158,,,,
2020-03-26,CABA,-58.44591,-34.61449,193,,,,
2020-03-26,Catamarca,-66.94769,-27.33589,0,,,,
2020-03-26,Chaco,-60.76583,-26.38643,59,,,,
2020-03-26,Chubut,-68.52699,-43.78851,0,,,,
2020-03-26,Córdoba,-63.80186,-32.14292,55,,,,
2020-03-26,Corrientes,-57.80480,-28.78006,3,,,,
2020-03-26,Entre Ríos,-59.20145,-32.05887,6,,,,
2020-03-26,Formosa,-59.93246,-24.89495,0,,,,
2020-03-26,Jujuy,-65.76433,-23.31999,3,,,,
2020-03-26,La Pampa,-65.44665,-37.13155,1,,,,
2020-03-26,La Rioja,-67.18174,-29.68578,0,,,,
2020-03-26,Mendoza,-68.58313,-34.62998,7,,,,
2020-03-26,Misiones,-54.65168,-26.87541,1,,,,
2020-03-26,Neuquén,-70.11877,-38.64170,7,,,,
2020-03-26,Río Negro,-67.22940,-40.40577,4,,,,
2020-03-26,Salta,-64.93286,-25.03768,1,,,,
2020-03-26,San Juan,-68.88949,-30.86537,0,,,,
2020-03-26,San Luis,-66.02813,-33.75773,6,,,,
2020-03-26,Santa Cruz,-69.95597,-48.81547,9,,,,
2020-03-26,Santa Fe,-60.94991,-30.70707,55,,,,
2020-03-26,Santiago del Estero,-63.25238,-27.78242,1,,,,
2020-03-26,T. del Fuego + Malvinas,-67.47126,-54.32989,14,,,,
2020-03-26,Tucumán,-65.36485,-26.94806,9,,,,
2020-03-27,Buenos Aires,-60.55722,-36.67373,194,,,,
2020-03-27,CABA,-58.44591,-34.61449,236,,,,
2020-03-27,Catamarca,-66.94769,-27.33589,0,,,,
2020-03-27,Chaco,-60.76583,-26.38643,62,,,,
2020-03-27,Chubut,-68.52699,-43.78851,0,,,,
2020-03-27,Córdoba,-63.80186,-32.14292,60,,,,
2020-03-27,Corrientes,-57.80480,-28.78006,5,,,,
2020-03-27,Entre Ríos,-59.20145,-32.05887,9,,,,
2020-03-27,Formosa,-59.93246,-24.89495,0,,,,
2020-03-27,Jujuy,-65.76433,-23.31999,3,,,,
2020-03-27,La Pampa,-65.44665,-37.13155,1,,,,
2020-03-27,La Rioja,-67.18174,-29.68578,0,,,,
2020-03-27,Mendoza,-68.58313,-34.62998,8,,,,
2020-03-27,Misiones,-54.65168,-26.87541,2,,,,
2020-03-27,Neuquén,-70.11877,-38.64170,11,,,,
2020-03-27,Río Negro,-67.22940,-40.40577,7,,,,
2020-03-27,Salta,-64.93286,-25.03768,1,,,,
2020-03-27,San Juan,-68.88949,-30.86537,0,,,,
2020-03-27,San Luis,-66.02813,-33.75773,6,,,,
2020-03-27,Santa Cruz,-69.95597,-48.81547,9,,,,
2020-03-27,Santa Fe,-60.94991,-30.70707,64,,,,
2020-03-27,Santiago del Estero,-63.25238,-27.78242,2,,,,
2020-03-27,T. del Fuego + Malvinas,-67.47126,-54.32989,14,,,,
2020-03-27,Tucumán,-65.36485,-26.94806,15,,,,
2020-03-28,Buenos Aires,-60.55722,-36.67373,202,,,,
2020-03-28,CABA,-58.44591,-34.61449,254,,,,
2020-03-28,Catamarca,-66.94769,-27.33589,0,,,,
2020-03-28,Chaco,-60.76583,-26.38643,67,,,,
2020-03-28,Chubut,-68.52699,-43.78851,0,,,,
2020-03-28,Córdoba,-63.80186,-32.14292,61,,,,
2020-03-28,Corrientes,-57.80480,-28.78006,9,,,,
2020-03-28,Entre Ríos,-59.20145,-32.05887,9,,,,
2020-03-28,Formosa,-59.93246,-24.89495,0,,,,
2020-03-28,Jujuy,-65.76433,-23.31999,3,,,,
2020-03-28,La Pampa,-65.44665,-37.13155,1,,,,
2020-03-28,La Rioja,-67.18174,-29.68578,0,,,,
2020-03-28,Mendoza,-68.58313,-34.62998,9,,,,
2020-03-28,Misiones,-54.65168,-26.87541,2,,,,
2020-03-28,Neuquén,-70.11877,-38.64170,13,,,,
2020-03-28,Río Negro,-67.22940,-40.40577,7,,,,
2020-03-28,Salta,-64.93286,-25.03768,1,,,,
2020-03-28,San Juan,-68.88949,-30.86537,0,,,,
2020-03-28,San Luis,-66.02813,-33.75773,6,,,,
2020-03-28,Santa Cruz,-69.95597,-48.81547,9,,,,
2020-03-28,Santa Fe,-60.94991,-30.70707,77,,,,
2020-03-28,Santiago del Estero,-63.25238,-27.78242,2,,,,
2020-03-28,T. del Fuego + Malvinas,-67.47126,-54.32989,18,,,,
2020-03-28,Tucumán,-65.36485,-26.94806,15,,,,
2020-03-29,Buenos Aires,-60.55722,-36.67373,215,,,,
2020-03-29,CABA,-58.44591,-34.61449,267,,,,
2020-03-29,Catamarca,-66.94769,-27.33589,0,,,,
2020-03-29,Chaco,-60.76583,-26.38643,71,,,,
2020-03-29,Chubut,-68.52699,-43.78851,0,,,,
2020-03-29,Córdoba,-63.80186,-32.14292,79,,,,
2020-03-29,Corrientes,-57.80480,-28.78006,10,,,,
2020-03-29,Entre Ríos,-59.20145,-32.05887,9,,,,
2020-03-29,Formosa,-59.93246,-24.89495,0,,,,
2020-03-29,Jujuy,-65.76433,-23.31999,3,,,,
2020-03-29,La Pampa,-65.44665,-37.13155,3,,,,
2020-03-29,La Rioja,-67.18174,-29.68578,1,,,,
2020-03-29,Mendoza,-68.58313,-34.62998,10,,,,
2020-03-29,Misiones,-54.65168,-26.87541,3,,,,
2020-03-29,Neuquén,-70.11877,-38.64170,13,,,,
2020-03-29,Río Negro,-67.22940,-40.40577,7,,,,
2020-03-29,Salta,-64.93286,-25.03768,1,,,,
2020-03-29,San Juan,-68.88949,-30.86537,1,,,,
2020-03-29,San Luis,-66.02813,-33.75773,6,,,,
2020-03-29,Santa Cruz,-69.95597,-48.81547,9,,,,
2020-03-29,Santa Fe,-60.94991,-30.70707,90,,,,
2020-03-29,Santiago del Estero,-63.25238,-27.78242,2,,,,
2020-03-29,T. del Fuego + Malvinas,-67.47126,-54.32989,22,,,,
2020-03-29,Tucumán,-65.36485,-26.94806,15,,,,
2020-03-30,Buenos Aires,-60.55722,-36.67373,253,,,,
2020-03-30,CABA,-58.44591,-34.61449,292,,,,
2020-03-30,Catamarca,-66.94769,-27.33589,0,,,,
2020-03-30,Chaco,-60.76583,-26.38643,81,,,,
2020-03-30,Chubut,-68.52699,-43.78851,0,,,,
2020-03-30,Córdoba,-63.80186,-32.14292,81,,,,
2020-03-30,Corrientes,-57.80480,-28.78006,19,,,,
2020-03-30,Entre Ríos,-59.20145,-32.05887,13,,,,
2020-03-30,Formosa,-59.93246,-24.89495,0,,,,
2020-03-30,Jujuy,-65.76433,-23.31999,3,,,,
2020-03-30,La Pampa,-65.44665,-37.13155,3,,,,
2020-03-30,La Rioja,-67.18174,-29.68578,1,,,,
2020-03-30,Mendoza,-68.58313,-34.62998,13,,,,
2020-03-30,Misiones,-54.65168,-26.87541,2,,,,
2020-03-30,Neuquén,-70.11877,-38.64170,20,,,,
2020-03-30,Río Negro,-67.22940,-40.40577,8,,,,
2020-03-30,Salta,-64.93286,-25.03768,1,,,,
2020-03-30,San Juan,-68.88949,-30.86537,1,,,,
2020-03-30,San Luis,-66.02813,-33.75773,6,,,,
2020-03-30,Santa Cruz,-69.95597,-48.81547,9,,,,
2020-03-30,Santa Fe,-60.94991,-30.70707,111,,,,
2020-03-30,Santiago del Estero,-63.25238,-27.78242,2,,,,
2020-03-30,T. del Fuego + Malvinas,-67.47126,-54.32989,32,,,,
2020-03-30,Tucumán,-65.36485,-26.94806,15,,,,
2020-03-31,Buenos Aires,-60.55722,-36.67373,270,,,,
2020-03-31,CABA,-58.44591,-34.61449,311,,,,
2020-03-31,Catamarca,-66.94769,-27.33589,0,,,,
2020-03-31,Chaco,-60.76583,-26.38643,84,,,,
2020-03-31,Chubut,-68.52699,-43.78851,0,,,,
2020-03-31,Córdoba,-63.80186,-32.14292,95,,,,
2020-03-31,Corrientes,-57.80480,-28.78006,20,,,,
2020-03-31,Entre Ríos,-59.20145,-32.05887,13,,,,
2020-03-31,Formosa,-59.93246,-24.89495,0,,,,
2020-03-31,Jujuy,-65.76433,-23.31999,3,,,,
2020-03-31,La Pampa,-65.44665,-37.13155,3,,,,
2020-03-31,La Rioja,-67.18174,-29.68578,1,,,,
2020-03-31,Mendoza,-68.58313,-34.62998,15,,,,
2020-03-31,Misiones,-54.65168,-26.87541,3,,,,
2020-03-31,Neuquén,-70.11877,-38.64170,20,,,,
2020-03-31,Río Negro,-67.22940,-40.40577,9,,,,
2020-03-31,Salta,-64.93286,-25.03768,1,,,,
2020-03-31,San Juan,-68.88949,-30.86537,1,,,,
2020-03-31,San Luis,-66.02813,-33.75773,6,,,,
2020-03-31,Santa Cruz,-69.95597,-48.81547,9,,,,
2020-03-31,Santa Fe,-60.94991,-30.70707,133,,,,
2020-03-31,Santiago del Estero,-63.25238,-27.78242,2,,,,
2020-03-31,T. del Fuego + Malvinas,-67.47126,-54.32989,39,,,,
2020-03-31,Tucumán,-65.36485,-26.94806,16,,,,
2020-04-01,Buenos Aires,-60.55722,-36.67373,280,15,9,256,
2020-04-01,CABA,-58.44591,-34.61449,321,53,3,260,
2020-04-01,Catamarca,-66.94769,-27.33589,0,0,0,0,
2020-04-01,Chaco,-60.76583,-26.38643,96,0,5,91,
2020-04-01,Chubut,-68.52699,-43.78851,0,0,0,0,
2020-04-01,Córdoba,-63.80186,-32.14292,101,1,1,99,
2020-04-01,Corrientes,-57.80480,-28.78006,21,0,0,21,
2020-04-01,Entre Ríos,-59.20145,-32.05887,14,0,0,14,
2020-04-01,Formosa,-59.93246,-24.89495,0,0,0,0,
2020-04-01,Jujuy,-65.76433,-23.31999,3,0,0,3,
2020-04-01,La Pampa,-65.44665,-37.13155,3,0,0,3,
2020-04-01,La Rioja,-67.18174,-29.68578,1,0,1,0,
2020-04-01,Mendoza,-68.58313,-34.62998,25,0,1,24,
2020-04-01,Misiones,-54.65168,-26.87541,3,0,0,3,
2020-04-01,Neuquén,-70.11877,-38.64170,24,0,2,22,
2020-04-01,Río Negro,-67.22940,-40.40577,9,1,1,7,
2020-04-01,Salta,-64.93286,-25.03768,3,0,0,3,
2020-04-01,San Juan,-68.88949,-30.86537,1,0,0,1,
2020-04-01,San Luis,-66.02813,-33.75773,7,0,0,7,
2020-04-01,Santa Cruz,-69.95597,-48.81547,19,0,0,19,
2020-04-01,Santa Fe,-60.94991,-30.70707,144,0,1,143,
2020-04-01,Santiago del Estero,-63.25238,-27.78242,2,0,0,2,
2020-04-01,T. del Fuego + Malvinas,-67.47126,-54.32989,39,0,0,39,
2020-04-01,Tucumán,-65.36485,-26.94806,17,0,1,16,
2020-04-02,Buenos Aires,-60.55722,-36.67373,316,,,,
2020-04-02,CABA,-58.44591,-34.61449,345,,,,
2020-04-02,Catamarca,-66.94769,-27.33589,0,,,,
2020-04-02,Chaco,-60.76583,-26.38643,99,,,,
2020-04-02,Chubut,-68.52699,-43.78851,0,,,,
2020-04-02,Córdoba,-63.80186,-32.14292,117,,,,
2020-04-02,Corrientes,-57.80480,-28.78006,22,,,,
2020-04-02,Entre Ríos,-59.20145,-32.05887,16,,,,
2020-04-02,Formosa,-59.93246,-24.89495,0,,,,
2020-04-02,Jujuy,-65.76433,-23.31999,5,,,,
2020-04-02,La Pampa,-65.44665,-37.13155,3,,,,
2020-04-02,La Rioja,-67.18174,-29.68578,4,,,,
2020-04-02,Mendoza,-68.58313,-34.62998,25,,,,
2020-04-02,Misiones,-54.65168,-26.87541,3,,,,
2020-04-02,Neuquén,-70.11877,-38.64170,28,,,,
2020-04-02,Río Negro,-67.22940,-40.40577,9,,,,
2020-04-02,Salta,-64.93286,-25.03768,3,,,,
2020-04-02,San Juan,-68.88949,-30.86537,1,,,,
2020-04-02,San Luis,-66.02813,-33.75773,9,,,,
2020-04-02,Santa Cruz,-69.95597,-48.81547,21,,,,
2020-04-02,Santa Fe,-60.94991,-30.70707,152,,,,
2020-04-02,Santiago del Estero,-63.25238,-27.78242,3,,,,
2020-04-02,T. del Fuego + Malvinas,-67.47126,-54.32989,63,,,,
2020-04-02,Tucumán,-65.36485,-26.94806,21,,,,
2020-04-03,Buenos Aires,-60.55722,-36.67373,338,,,,
2020-04-03,CABA,-58.44591,-34.61449,373,,,,
2020-04-03,Catamarca,-66.94769,-27.33589,0,,,,
2020-04-03,Chaco,-60.76583,-26.38643,107,,,,
2020-04-03,Chubut,-68.52699,-43.78851,0,,,,
2020-04-03,Córdoba,-63.80186,-32.14292,131,,,,
2020-04-03,Corrientes,-57.80480,-28.78006,22,,,,
2020-04-03,Entre Ríos,-59.20145,-32.05887,18,,,,
2020-04-03,Formosa,-59.93246,-24.89495,0,,,,
2020-04-03,Jujuy,-65.76433,-23.31999,5,,,,
2020-04-03,La Pampa,-65.44665,-37.13155,3,,,,
2020-04-03,La Rioja,-67.18174,-29.68578,4,,,,
2020-04-03,Mendoza,-68.58313,-34.62998,27,,,,
2020-04-03,Misiones,-54.65168,-26.87541,3,,,,
2020-04-03,Neuquén,-70.11877,-38.64170,29,,,,
2020-04-03,Río Negro,-67.22940,-40.40577,10,,,,
2020-04-03,Salta,-64.93286,-25.03768,3,,,,
2020-04-03,San Juan,-68.88949,-30.86537,1,,,,
2020-04-03,San Luis,-66.02813,-33.75773,10,,,,
2020-04-03,Santa Cruz,-69.95597,-48.81547,21,,,,
2020-04-03,Santa Fe,-60.94991,-30.70707,160,,,,
2020-04-03,Santiago del Estero,-63.25238,-27.78242,3,,,,
2020-04-03,T. del Fuego + Malvinas,-67.47126,-54.32989,64,,,,
2020-04-03,Tucumán,-65.36485,-26.94806,21,,,,
2020-04-04,Buenos Aires,-60.55722,-36.67373,364,,,,
2020-04-04,CABA,-58.44591,-34.61449,407,,,,
2020-04-04,Catamarca,-66.94769,-27.33589,0,,,,
2020-04-04,Chaco,-60.76583,-26.38643,115,,,,
2020-04-04,Chubut,-68.52699,-43.78851,0,,,,
2020-04-04,Córdoba,-63.80186,-32.14292,134,,,,
2020-04-04,Corrientes,-57.80480,-28.78006,22,,,,
2020-04-04,Entre Ríos,-59.20145,-32.05887,18,,,,
2020-04-04,Formosa,-59.93246,-24.89495,0,,,,
2020-04-04,Jujuy,-65.76433,-23.31999,5,,,,
2020-04-04,La Pampa,-65.44665,-37.13155,3,,,,
2020-04-04,La Rioja,-67.18174,-29.68578,6,,,,
2020-04-04,Mendoza,-68.58313,-34.62998,27,,,,
2020-04-04,Misiones,-54.65168,-26.87541,3,,,,
2020-04-04,Neuquén,-70.11877,-38.64170,33,,,,
2020-04-04,Río Negro,-67.22940,-40.40577,15,,,,
2020-04-04,Salta,-64.93286,-25.03768,3,,,,
2020-04-04,San Juan,-68.88949,-30.86537,1,,,,
2020-04-04,San Luis,-66.02813,-33.75773,10,,,,
2020-04-04,Santa Cruz,-69.95597,-48.81547,22,,,,
2020-04-04,Santa Fe,-60.94991,-30.70707,165,,,,
2020-04-04,Santiago del Estero,-63.25238,-27.78242,4,,,,
2020-04-04,T. del Fuego + Malvinas,-67.47126,-54.32989,72,,,,
2020-04-04,Tucumán,-65.36485,-26.94806,22,,,,
2020-04-05,Buenos Aires,-60.55722,-36.67373,397,,,,
2020-04-05,CABA,-58.44591,-34.61449,439,,,,
2020-04-05,Catamarca,-66.94769,-27.33589,0,,,,
2020-04-05,Chaco,-60.76583,-26.38643,115,,,,
2020-04-05,Chubut,-68.52699,-43.78851,0,,,,
2020-04-05,Córdoba,-63.80186,-32.14292,139,,,,
2020-04-05,Corrientes,-57.80480,-28.78006,22,,,,
2020-04-05,Entre Ríos,-59.20145,-32.05887,19,,,,
2020-04-05,Formosa,-59.93246,-24.89495,0,,,,
2020-04-05,Jujuy,-65.76433,-23.31999,5,,,,
2020-04-05,La Pampa,-65.44665,-37.13155,3,,,,
2020-04-05,La Rioja,-67.18174,-29.68578,8,,,,
2020-04-05,Mendoza,-68.58313,-34.62998,29,,,,
2020-04-05,Misiones,-54.65168,-26.87541,3,,,,
2020-04-05,Neuquén,-70.11877,-38.64170,44,,,,
2020-04-05,Río Negro,-67.22940,-40.40577,17,,,,
2020-04-05,Salta,-64.93286,-25.03768,3,,,,
2020-04-05,San Juan,-68.88949,-30.86537,1,,,,
2020-04-05,San Luis,-66.02813,-33.75773,10,,,,
2020-04-05,Santa Cruz,-69.95597,-48.81547,23,,,,
2020-04-05,Santa Fe,-60.94991,-30.70707,176,,,,
2020-04-05,Santiago del Estero,-63.25238,-27.78242,4,,,,
2020-04-05,T. del Fuego + Malvinas,-67.47126,-54.32989,75,,,,
2020-04-05,Tucumán,-65.36485,-26.94806,22,,,,
2020-04-06,Buenos Aires,-60.55722,-36.67373,409,37,20,352,https://www.pagina12.com.ar/253601-mapa-del-coronavirus-en-argentina-en-tiempo-real
2020-04-06,CABA,-58.44591,-34.61449,456,117,12,327,https://www.pagina12.com.ar/253601-mapa-del-coronavirus-en-argentina-en-tiempo-real
2020-04-06,Catamarca,-66.94769,-27.33589,0,0,0,0,https://www.pagina12.com.ar/253601-mapa-del-coronavirus-en-argentina-en-tiempo-real
2020-04-06,Chaco,-60.76583,-26.38643,119,0,7,112,https://www.pagina12.com.ar/253601-mapa-del-coronavirus-en-argentina-en-tiempo-real
2020-04-06,Chubut,-68.52699,-43.78851,0,0,0,0,https://www.pagina12.com.ar/253601-mapa-del-coronavirus-en-argentina-en-tiempo-real
2020-04-06,Córdoba,-63.80186,-32.14292,146,1,2,143,https://www.pagina12.com.ar/253601-mapa-del-coronavirus-en-argentina-en-tiempo-real
2020-04-06,Corrientes,-57.80480,-28.78006,24,2,0,22,https://www.pagina12.com.ar/253601-mapa-del-coronavirus-en-argentina-en-tiempo-real
2020-04-06,Entre Ríos,-59.20145,-32.05887,19,4,0,15,https://www.pagina12.com.ar/253601-mapa-del-coronavirus-en-argentina-en-tiempo-real
2020-04-06,Formosa,-59.93246,-24.89495,0,0,0,0,https://www.pagina12.com.ar/253601-mapa-del-coronavirus-en-argentina-en-tiempo-real
2020-04-06,Jujuy,-65.76433,-23.31999,5,2,0,3,https://www.pagina12.com.ar/253601-mapa-del-coronavirus-en-argentina-en-tiempo-real
2020-04-06,La Pampa,-65.44665,-37.13155,3,0,0,3,https://www.pagina12.com.ar/253601-mapa-del-coronavirus-en-argentina-en-tiempo-real
2020-04-06,La Rioja,-67.18174,-29.68578,9,0,1,8,https://www.pagina12.com.ar/253601-mapa-del-coronavirus-en-argentina-en-tiempo-real
2020-04-06,Mendoza,-68.58313,-34.62998,30,0,4,26,https://www.pagina12.com.ar/253601-mapa-del-coronavirus-en-argentina-en-tiempo-real
2020-04-06,Misiones,-54.65168,-26.87541,3,0,0,3,https://www.pagina12.com.ar/253601-mapa-del-coronavirus-en-argentina-en-tiempo-real
2020-04-06,Neuquén,-70.11877,-38.64170,50,0,3,47,https://www.pagina12.com.ar/253601-mapa-del-coronavirus-en-argentina-en-tiempo-real
2020-04-06,Río Negro,-67.22940,-40.40577,19,2,1,16,https://www.pagina12.com.ar/253601-mapa-del-coronavirus-en-argentina-en-tiempo-real
2020-04-06,Salta,-64.93286,-25.03768,3,0,0,3,https://www.pagina12.com.ar/253601-mapa-del-coronavirus-en-argentina-en-tiempo-real
2020-04-06,San Juan,-68.88949,-30.86537,1,0,0,1,https://www.pagina12.com.ar/253601-mapa-del-coronavirus-en-argentina-en-tiempo-real
2020-04-06,San Luis,-66.02813,-33.75773,11,0,0,11,https://www.pagina12.com.ar/253601-mapa-del-coronavirus-en-argentina-en-tiempo-real
2020-04-06,Santa Cruz,-69.95597,-48.81547,23,0,0,23,https://www.pagina12.com.ar/253601-mapa-del-coronavirus-en-argentina-en-tiempo-real
2020-04-06,Santa Fe,-60.94991,-30.70707,184,0,1,183,https://www.pagina12.com.ar/253601-mapa-del-coronavirus-en-argentina-en-tiempo-real
2020-04-06,Santiago del Estero,-63.25238,-27.78242,9,0,0,10,https://www.pagina12.com.ar/253601-mapa-del-coronavirus-en-argentina-en-tiempo-real
2020-04-06,T. del Fuego + Malvinas,-67.47126,-54.32989,77,0,0,77,https://www.pagina12.com.ar/253601-mapa-del-coronavirus-en-argentina-en-tiempo-real
2020-04-06,Tucumán,-65.36485,-26.94806,27,0,1,26,https://www.pagina12.com.ar/253601-mapa-del-coronavirus-en-argentina-en-tiempo-real
2020-04-07,Buenos Aires,-60.55722,-36.67373,443,37,24,382,
2020-04-07,CABA,-58.44591,-34.61449,480,117,14,349,
2020-04-07,Catamarca,-66.94769,-27.33589,0,0,0,0,
2020-04-07,Chaco,-60.76583,-26.38643,123,0,7,116,
2020-04-07,Chubut,-68.52699,-43.78851,0,0,0,0,
2020-04-07,Córdoba,-63.80186,-32.14292,150,1,2,147,
2020-04-07,Corrientes,-57.80480,-28.78006,24,2,0,22,
2020-04-07,Entre Ríos,-59.20145,-32.05887,20,4,0,16,
2020-04-07,Formosa,-59.93246,-24.89495,0,0,0,0,
2020-04-07,Jujuy,-65.76433,-23.31999,5,2,0,3,
2020-04-07,La Pampa,-65.44665,-37.13155,3,0,0,3,
2020-04-07,La Rioja,-67.18174,-29.68578,9,0,1,8,
2020-04-07,Mendoza,-68.58313,-34.62998,32,0,4,28,
2020-04-07,Misiones,-54.65168,-26.87541,3,0,0,3,
2020-04-07,Neuquén,-70.11877,-38.64170,53,0,3,50,
2020-04-07,Río Negro,-67.22940,-40.40577,21,2,1,18,
2020-04-07,Salta,-64.93286,-25.03768,3,0,0,3,
2020-04-07,San Juan,-68.88949,-30.86537,1,0,0,1,
2020-04-07,San Luis,-66.02813,-33.75773,11,0,0,11,
2020-04-07,Santa Cruz,-69.95597,-48.81547,31,0,0,31,
2020-04-07,Santa Fe,-60.94991,-30.70707,187,0,1,186,
2020-04-07,Santiago del Estero,-63.25238,-27.78242,9,0,0,9,
2020-04-07,T. del Fuego + Malvinas,-67.47126,-54.32989,79,0,0,79,
2020-04-07,Tucumán,-65.36485,-26.94806,28,0,1,27,
2020-04-08,Buenos Aires,-60.55722,-36.67373,460,37,25,398,
2020-04-08,CABA,-58.44591,-34.61449,498,117,16,365,
2020-04-08,Catamarca,-66.94769,-27.33589,0,0,0,0,
2020-04-08,Chaco,-60.76583,-26.38643,138,0,7,131,
2020-04-08,Chubut,-68.52699,-43.78851,0,0,0,0,
2020-04-08,Córdoba,-63.80186,-32.14292,151,1,2,148,
2020-04-08,Corrientes,-57.80480,-28.78006,24,2,0,22,
2020-04-08,Entre Ríos,-59.20145,-32.05887,20,4,0,16,
2020-04-08,Formosa,-59.93246,-24.89495,0,0,0,0,
2020-04-08,Jujuy,-65.76433,-23.31999,5,2,0,3,
2020-04-08,La Pampa,-65.44665,-37.13155,4,0,0,4,
2020-04-08,La Rioja,-67.18174,-29.68578,9,0,1,8,
2020-04-08,Mendoza,-68.58313,-34.62998,38,0,4,34,
2020-04-08,Misiones,-54.65168,-26.87541,3,0,0,3,
2020-04-08,Neuquén,-70.11877,-38.64170,70,0,4,66,
2020-04-08,Río Negro,-67.22940,-40.40577,22,2,1,19,
2020-04-08,Salta,-64.93286,-25.03768,3,0,0,3,
2020-04-08,San Juan,-68.88949,-30.86537,1,0,0,1,
2020-04-08,San Luis,-66.02813,-33.75773,11,0,0,11,
2020-04-08,Santa Cruz,-69.95597,-48.81547,31,0,0,31,
2020-04-08,Santa Fe,-60.94991,-30.70707,189,0,1,188,
2020-04-08,Santiago del Estero,-63.25238,-27.78242,9,0,0,9,
2020-04-08,T. del Fuego + Malvinas,-67.47126,-54.32989,81,0,0,81,
2020-04-08,Tucumán,-65.36485,-26.94806,28,0,2,26,
2020-04-09,Buenos Aires,-60.55722,-36.67373,488,37,33,418,
2020-04-09,CABA,-58.44591,-34.61449,521,117,20,384,
2020-04-09,Catamarca,-66.94769,-27.33589,0,0,0,0,
2020-04-09,Chaco,-60.76583,-26.38643,144,0,8,136,
2020-04-09,Chubut,-68.52699,-43.78851,0,0,0,0,
2020-04-09,Córdoba,-63.80186,-32.14292,156,1,2,153,
2020-04-09,Corrientes,-57.80480,-28.78006,24,2,0,22,
2020-04-09,Entre Ríos,-59.20145,-32.05887,22,4,0,18,
2020-04-09,Formosa,-59.93246,-24.89495,0,0,0,0,
2020-04-09,Jujuy,-65.76433,-23.31999,5,2,0,3,
2020-04-09,La Pampa,-65.44665,-37.13155,4,0,0,4,
2020-04-09,La Rioja,-67.18174,-29.68578,14,0,1,13,
2020-04-09,Mendoza,-68.58313,-34.62998,40,0,4,36,
2020-04-09,Misiones,-54.65168,-26.87541,3,0,0,3,
2020-04-09,Neuquén,-70.11877,-38.64170,77,0,4,73,
2020-04-09,Río Negro,-67.22940,-40.40577,35,2,1,32,
2020-04-09,Salta,-64.93286,-25.03768,3,0,0,3,
2020-04-09,San Juan,-68.88949,-30.86537,1,0,0,1,
2020-04-09,San Luis,-66.02813,-33.75773,11,0,0,11,
2020-04-09,Santa Cruz,-69.95597,-48.81547,31,0,0,31,
2020-04-09,Santa Fe,-60.94991,-30.70707,196,0,2,194,
2020-04-09,Santiago del Estero,-63.25238,-27.78242,9,0,0,9,
2020-04-09,T. del Fuego + Malvinas,-67.47126,-54.32989,81,0,0,81,
2020-04-09,Tucumán,-65.36485,-26.94806,29,0,2,27,
2020-04-10,Buenos Aires,-60.55722,-36.67373,507,70,29,408,
2020-04-10,CABA,-58.44591,-34.61449,532,117,23,392,
2020-04-10,Catamarca,-66.94769,-27.33589,0,0,0,0,
2020-04-10,Chaco,-60.76583,-26.38643,149,9,8,132,
2020-04-10,Chubut,-68.52699,-43.78851,0,0,0,0,
2020-04-10,Córdoba,-63.80186,-32.14292,169,1,2,166,
2020-04-10,Corrientes,-57.80480,-28.78006,24,2,0,22,
2020-04-10,Entre Ríos,-59.20145,-32.05887,21,4,0,17,
2020-04-10,Formosa,-59.93246,-24.89495,0,0,0,0,
2020-04-10,Jujuy,-65.76433,-23.31999,5,3,0,2,
2020-04-10,La Pampa,-65.44665,-37.13155,5,0,0,5,
2020-04-10,La Rioja,-67.18174,-29.68578,14,0,1,13,
2020-04-10,Mendoza,-68.58313,-34.62998,49,2,4,43,
2020-04-10,Misiones,-54.65168,-26.87541,3,0,0,3,
2020-04-10,Neuquén,-70.11877,-38.64170,84,0,4,80,
2020-04-10,Río Negro,-67.22940,-40.40577,42,2,2,38,
2020-04-10,Salta,-64.93286,-25.03768,3,0,0,3,
2020-04-10,San Juan,-68.88949,-30.86537,1,0,0,1,
2020-04-10,San Luis,-66.02813,-33.75773,11,0,0,11,
2020-04-10,Santa Cruz,-69.95597,-48.81547,37,0,0,37,
2020-04-10,Santa Fe,-60.94991,-30.70707,197,9,2,186,
2020-04-10,Santiago del Estero,-63.25238,-27.78242,9,0,0,9,
2020-04-10,T. del Fuego + Malvinas,-67.47126,-54.32989,83,0,0,83,
2020-04-10,Tucumán,-65.36485,-26.94806,29,0,4,25,
2020-04-11,Buenos Aires,-60.55722,-36.67373,544,70,33,441,
2020-04-11,CABA,-58.44591,-34.61449,578,117,25,436,
2020-04-11,Catamarca,-66.94769,-27.33589,0,0,0,0,
2020-04-11,Chaco,-60.76583,-26.38643,149,9,8,132,
2020-04-11,Chubut,-68.52699,-43.78851,0,0,0,0,
2020-04-11,Córdoba,-63.80186,-32.14292,201,1,2,198,
2020-04-11,Corrientes,-57.80480,-28.78006,24,2,0,22,
2020-04-11,Entre Ríos,-59.20145,-32.05887,22,4,0,18,
2020-04-11,Formosa,-59.93246,-24.89495,0,0,0,0,
2020-04-11,Jujuy,-65.76433,-23.31999,5,3,0,2,
2020-04-11,La Pampa,-65.44665,-37.13155,5,0,0,5,
2020-04-11,La Rioja,-67.18174,-29.68578,18,0,1,17,
2020-04-11,Mendoza,-68.58313,-34.62998,54,2,4,48,
2020-04-11,Misiones,-54.65168,-26.87541,3,0,0,3,
2020-04-11,Neuquén,-70.11877,-38.64170,85,0,4,81,
2020-04-11,Río Negro,-67.22940,-40.40577,65,2,2,61,
2020-04-11,Salta,-64.93286,-25.03768,3,0,0,3,
2020-04-11,San Juan,-68.88949,-30.86537,2,0,0,2,
2020-04-11,San Luis,-66.02813,-33.75773,11,0,0,11,
2020-04-11,Santa Cruz,-69.95597,-48.81547,40,0,0,40,
2020-04-11,Santa Fe,-60.94991,-30.70707,200,9,2,189,
2020-04-11,Santiago del Estero,-63.25238,-27.78242,12,0,0,12,
2020-04-11,T. del Fuego + Malvinas,-67.47126,-54.32989,30,0,0,30,
2020-04-11,Tucumán,-65.36485,-26.94806,91,0,4,87,(se incluyen 5 casos existentes en las Islas Malvinas)
2020-04-12,Buenos Aires,-60.55722,-36.67373,572,73,34,465,
2020-04-12,CABA,-58.44591,-34.61449,586,118,26,442,
2020-04-12,Catamarca,-66.94769,-27.33589,0,0,0,0,
2020-04-12,Chaco,-60.76583,-26.38643,150,9,8,133,
2020-04-12,Chubut,-68.52699,-43.78851,0,0,0,0,
2020-04-12,Córdoba,-63.80186,-32.14292,206,2,2,202,
2020-04-12,Corrientes,-57.80480,-28.78006,24,2,0,22,
2020-04-12,Entre Ríos,-59.20145,-32.05887,21,4,0,17,
2020-04-12,Formosa,-59.93246,-24.89495,0,0,0,0,
2020-04-12,Jujuy,-65.76433,-23.31999,5,3,0,2,
2020-04-12,La Pampa,-65.44665,-37.13155,5,0,0,5,
2020-04-12,La Rioja,-67.18174,-29.68578,19,0,1,18,
2020-04-12,Mendoza,-68.58313,-34.62998,57,2,4,51,
2020-04-12,Misiones,-54.65168,-26.87541,3,0,0,3,
2020-04-12,Neuquén,-70.11877,-38.64170,86,0,4,82,
2020-04-12,Río Negro,-67.22940,-40.40577,78,2,2,74,
2020-04-12,Salta,-64.93286,-25.03768,3,0,0,3,
2020-04-12,San Juan,-68.88949,-30.86537,2,0,0,2,
2020-04-12,San Luis,-66.02813,-33.75773,11,0,0,11,
2020-04-12,Santa Cruz,-69.95597,-48.81547,40,0,0,40,
2020-04-12,Santa Fe,-60.94991,-30.70707,203,9,2,192,
2020-04-12,Santiago del Estero,-63.25238,-27.78242,12,0,0,12,
2020-04-12,T. del Fuego + Malvinas,-67.47126,-54.32989,95,0,0,95,
2020-04-12,Tucumán,-65.36485,-26.94806,30,0,4,26,
2020-04-13,Buenos Aires,-60.55722,-36.67373,601,73,33,495,
2020-04-13,CABA,-58.44591,-34.61449,596,118,25,453,
2020-04-13,Catamarca,-66.94769,-27.33589,0,0,0,0,
2020-04-13,Chaco,-60.76583,-26.38643,153,9,8,136,
2020-04-13,Chubut,-68.52699,-43.78851,0,0,0,0,
2020-04-13,Córdoba,-63.80186,-32.14292,210,2,3,205,
2020-04-13,Corrientes,-57.80480,-28.78006,31,2,0,29,
2020-04-13,Entre Ríos,-59.20145,-32.05887,21,4,0,17,
2020-04-13,Formosa,-59.93246,-24.89495,0,0,0,0,
2020-04-13,Jujuy,-65.76433,-23.31999,5,3,0,2,
2020-04-13,La Pampa,-65.44665,-37.13155,5,0,0,5,
2020-04-13,La Rioja,-67.18174,-29.68578,22,0,1,21,
2020-04-13,Mendoza,-68.58313,-34.62998,59,2,4,53,
2020-04-13,Misiones,-54.65168,-26.87541,3,0,0,3,
2020-04-13,Neuquén,-70.11877,-38.64170,88,0,4,84,
2020-04-13,Río Negro,-67.22940,-40.40577,81,2,2,77,
2020-04-13,Salta,-64.93286,-25.03768,3,0,0,3,
2020-04-13,San Juan,-68.88949,-30.86537,2,0,0,2,
2020-04-13,San Luis,-66.02813,-33.75773,11,0,0,11,
2020-04-13,Santa Cruz,-69.95597,-48.81547,40,0,0,40,
2020-04-13,Santa Fe,-60.94991,-30.70707,205,9,2,194,
2020-04-13,Santiago del Estero,-63.25238,-27.78242,12,0,0,12,
2020-04-13,T. del Fuego + Malvinas,-67.47126,-54.32989,99,0,0,99,
2020-04-13,Tucumán,-65.36485,-26.94806,30,0,4,26,
2020-04-14,Buenos Aires,-60.55722,-36.67373,667,73,33,561,
2020-04-14,CABA,-58.44591,-34.61449,618,118,28,472,
2020-04-14,Catamarca,-66.94769,-27.33589,0,0,0,0,
2020-04-14,Chaco,-60.76583,-26.38643,184,9,9,166,
2020-04-14,Chubut,-68.52699,-43.78851,1,0,0,1,
2020-04-14,Córdoba,-63.80186,-32.14292,222,2,3,217,
2020-04-14,Corrientes,-57.80480,-28.78006,31,2,0,29,
2020-04-14,Entre Ríos,-59.20145,-32.05887,21,4,0,17,
2020-04-14,Formosa,-59.93246,-24.89495,0,0,0,0,
2020-04-14,Jujuy,-65.76433,-23.31999,5,3,0,2,
2020-04-14,La Pampa,-65.44665,-37.13155,5,0,0,5,
2020-04-14,La Rioja,-67.18174,-29.68578,28,0,1,27,
2020-04-14,Mendoza,-68.58313,-34.62998,62,2,5,55,
2020-04-14,Misiones,-54.65168,-26.87541,3,0,0,3,
2020-04-14,Neuquén,-70.11877,-38.64170,90,0,4,86,
2020-04-14,Río Negro,-67.22940,-40.40577,94,4,3,87,
2020-04-14,Salta,-64.93286,-25.03768,3,0,0,3,
2020-04-14,San Juan,-68.88949,-30.86537,2,0,0,2,
2020-04-14,San Luis,-66.02813,-33.75773,11,0,0,11,
2020-04-14,Santa Cruz,-69.95597,-48.81547,40,0,0,40,
2020-04-14,Santa Fe,-60.94991,-30.70707,207,9,2,196,
2020-04-14,Santiago del Estero,-63.25238,-27.78242,12,0,0,12,
2020-04-14,T. del Fuego + Malvinas,-67.47126,-54.32989,107,0,0,107,
2020-04-14,Tucumán,-65.36485,-26.94806,30,0,4,26,
2020-04-15,Buenos Aires,-60.55722,-36.67373,729,73,35,621,
2020-04-15,CABA,-58.44591,-34.61449,648,118,29,501,
2020-04-15,Catamarca,-66.94769,-27.33589,0,0,0,0,
2020-04-15,Chaco,-60.76583,-26.38643,191,9,9,173,
2020-04-15,Chubut,-68.52699,-43.78851,1,0,0,1,
2020-04-15,Córdoba,-63.80186,-32.14292,228,2,4,222,
2020-04-15,Corrientes,-57.80480,-28.78006,31,2,0,29,
2020-04-15,Entre Ríos,-59.20145,-32.05887,21,4,0,17,
2020-04-15,Formosa,-59.93246,-24.89495,0,0,0,0,
2020-04-15,Jujuy,-65.76433,-23.31999,5,3,0,2,
2020-04-15,La Pampa,-65.44665,-37.13155,5,0,0,5,
2020-04-15,La Rioja,-67.18174,-29.68578,31,0,1,30,
2020-04-15,Mendoza,-68.58313,-34.62998,63,2,5,56,
2020-04-15,Misiones,-54.65168,-26.87541,3,0,0,3,
2020-04-15,Neuquén,-70.11877,-38.64170,91,0,4,87,
2020-04-15,Río Negro,-67.22940,-40.40577,106,4,3,99,
2020-04-15,Salta,-64.93286,-25.03768,3,0,0,3,
2020-04-15,San Juan,-68.88949,-30.86537,2,0,0,2,
2020-04-15,San Luis,-66.02813,-33.75773,11,0,0,11,
2020-04-15,Santa Cruz,-69.95597,-48.81547,40,0,0,40,
2020-04-15,Santa Fe,-60.94991,-30.70707,209,9,2,198,
2020-04-15,Santiago del Estero,-63.25238,-27.78242,12,0,0,12,
2020-04-15,T. del Fuego + Malvinas,-67.47126,-54.32989,110,0,0,110,
2020-04-15,Tucumán,-65.36485,-26.94806,30,0,4,26,
2020-04-16,Buenos Aires,-60.55722,-36.67373,759,73,35,651,
2020-04-16,CABA,-58.44591,-34.61449,663,118,29,516,
2020-04-16,Catamarca,-66.94769,-27.33589,0,0,0,0,
2020-04-16,Chaco,-60.76583,-26.38643,202,9,9,184,
2020-04-16,Chubut,-68.52699,-43.78851,2,0,0,2,
2020-04-16,Córdoba,-63.80186,-32.14292,241,2,4,235,
2020-04-16,Corrientes,-57.80480,-28.78006,31,2,0,29,
2020-04-16,Entre Ríos,-59.20145,-32.05887,22,4,0,18,
2020-04-16,Formosa,-59.93246,-24.89495,0,0,0,0,
2020-04-16,Jujuy,-65.76433,-23.31999,5,3,0,2,
2020-04-16,La Pampa,-65.44665,-37.13155,5,0,0,5,
2020-04-16,La Rioja,-67.18174,-29.68578,34,0,1,33,
2020-04-16,Mendoza,-68.58313,-34.62998,68,2,5,61,
2020-04-16,Misiones,-54.65168,-26.87541,3,0,0,3,
2020-04-16,Neuquén,-70.11877,-38.64170,92,0,4,88,
2020-04-16,Río Negro,-67.22940,-40.40577,115,4,3,108,
2020-04-16,Salta,-64.93286,-25.03768,3,0,0,3,
2020-04-16,San Juan,-68.88949,-30.86537,2,0,0,2,
2020-04-16,San Luis,-66.02813,-33.75773,11,0,0,11,
2020-04-16,Santa Cruz,-69.95597,-48.81547,40,0,0,40,
2020-04-16,Santa Fe,-60.94991,-30.70707,212,9,2,201,
2020-04-16,Santiago del Estero,-63.25238,-27.78242,12,0,0,12,
2020-04-16,T. del Fuego + Malvinas,-67.47126,-54.32989,117,0,0,117,
2020-04-16,Tucumán,-65.36485,-26.94806,30,0,4,26,
2020-04-17,Buenos Aires,-60.55722,-36.67373,794,120,38,636,
2020-04-17,CABA,-58.44591,-34.61449,677,301,30,346,
2020-04-17,Catamarca,-66.94769,-27.33589,0,0,0,0,
2020-04-17,Chaco,-60.76583,-26.38643,224,56,9,159,
2020-04-17,Chubut,-68.52699,-43.78851,1,0,0,1,
2020-04-17,Córdoba,-63.80186,-32.14292,247,38,4,205,
2020-04-17,Corrientes,-57.80480,-28.78006,31,2,0,29,
2020-04-17,Entre Ríos,-59.20145,-32.05887,22,10,0,12,
2020-04-17,Formosa,-59.93246,-24.89495,0,0,0,0,
2020-04-17,Jujuy,-65.76433,-23.31999,5,3,0,2,
2020-04-17,La Pampa,-65.44665,-37.13155,5,0,0,5,
2020-04-17,La Rioja,-67.18174,-29.68578,35,2,2,31,
2020-04-17,Mendoza,-68.58313,-34.62998,69,5,7,57,
2020-04-17,Misiones,-54.65168,-26.87541,4,0,0,4,
2020-04-17,Neuquén,-70.11877,-38.64170,93,2,4,87,
2020-04-17,Río Negro,-67.22940,-40.40577,116,7,3,106,
2020-04-17,Salta,-64.93286,-25.03768,3,0,0,3,
2020-04-17,San Juan,-68.88949,-30.86537,2,0,0,2,
2020-04-17,San Luis,-66.02813,-33.75773,11,0,0,11,
2020-04-17,Santa Cruz,-69.95597,-48.81547,40,5,0,35,
2020-04-17,Santa Fe,-60.94991,-30.70707,212,27,2,183,
2020-04-17,Santiago del Estero,-63.25238,-27.78242,12,3,0,9,
2020-04-17,T. del Fuego + Malvinas,-67.47126,-54.32989,119,36,0,83,
2020-04-17,Tucumán,-65.36485,-26.94806,30,3,4,23,
2020-04-18,Buenos Aires,-60.55722,-36.67373,,,,,
2020-04-18,CABA,-58.44591,-34.61449,,,,,
2020-04-18,Catamarca,-66.94769,-27.33589,,,,,
2020-04-18,Chaco,-60.76583,-26.38643,,,,,
2020-04-18,Chubut,-68.52699,-43.78851,,,,,
2020-04-18,Córdoba,-63.80186,-32.14292,,,,,
2020-04-18,Corrientes,-57.80480,-28.78006,,,,,
2020-04-18,Entre Ríos,-59.20145,-32.05887,,,,,
2020-04-18,Formosa,-59.93246,-24.89495,,,,,
2020-04-18,Jujuy,-65.76433,-23.31999,,,,,
2020-04-18,La Pampa,-65.44665,-37.13155,,,,,
2020-04-18,La Rioja,-67.18174,-29.68578,,,,,
2020-04-18,Mendoza,-68.58313,-34.62998,,,,,
2020-04-18,Misiones,-54.65168,-26.87541,,,,,
2020-04-18,Neuquén,-70.11877,-38.64170,,,,,
2020-04-18,Río Negro,-67.22940,-40.40577,,,,,
2020-04-18,Salta,-64.93286,-25.03768,,,,,
2020-04-18,San Juan,-68.88949,-30.86537,,,,,
2020-04-18,San Luis,-66.02813,-33.75773,,,,,
2020-04-18,Santa Cruz,-69.95597,-48.81547,,,,,
2020-04-18,Santa Fe,-60.94991,-30.70707,,,,,
2020-04-18,Santiago del Estero,-63.25238,-27.78242,,,,,
2020-04-18,T. del Fuego + Malvinas,-67.47126,-54.32989,,,,,
2020-04-18,Tucumán,-65.36485,-26.94806,,,,,
2020-04-19,Buenos Aires,-60.55722,-36.67373,873,120,41,712,
2020-04-19,CABA,-58.44591,-34.61449,706,301,31,374,
2020-04-19,Catamarca,-66.94769,-27.33589,0,0,0,0,
2020-04-19,Chaco,-60.76583,-26.38643,253,56,9,188,
2020-04-19,Chubut,-68.52699,-43.78851,2,0,0,2,
2020-04-19,Córdoba,-63.80186,-32.14292,260,38,5,217,
2020-04-19,Corrientes,-57.80480,-28.78006,31,2,0,29,
2020-04-19,Entre Ríos,-59.20145,-32.05887,22,10,0,12,
2020-04-19,Formosa,-59.93246,-24.89495,0,0,0,0,
2020-04-19,Jujuy,-65.76433,-23.31999,5,3,0,2,
2020-04-19,La Pampa,-65.44665,-37.13155,5,0,0,5,
2020-04-19,La Rioja,-67.18174,-29.68578,39,2,2,35,
2020-04-19,Mendoza,-68.58313,-34.62998,72,5,7,60,
2020-04-19,Misiones,-54.65168,-26.87541,5,0,0,5,
2020-04-19,Neuquén,-70.11877,-38.64170,99,2,4,93,
2020-04-19,Río Negro,-67.22940,-40.40577,127,7,3,117,
2020-04-19,Salta,-64.93286,-25.03768,3,0,0,3,
2020-04-19,San Juan,-68.88949,-30.86537,2,0,0,2,
2020-04-19,San Luis,-66.02813,-33.75773,11,0,0,11,
2020-04-19,Santa Cruz,-69.95597,-48.81547,40,5,0,35,
2020-04-19,Santa Fe,-60.94991,-30.70707,222,27,2,193,
2020-04-19,Santiago del Estero,-63.25238,-27.78242,12,3,0,9,
2020-04-19,T. del Fuego + Malvinas,-67.47126,-54.32989,122,36,0,86,
2020-04-19,Tucumán,-65.36485,-26.94806,30,3,4,23,
2020-04-20,Buenos Aires,-60.55722,-36.67373,915,120,41,754,
2020-04-20,CABA,-58.44591,-34.61449,728,301,32,395,
2020-04-20,Catamarca,-66.94769,-27.33589,0,0,0,0,
2020-04-20,Chaco,-60.76583,-26.38643,258,56,9,193,
2020-04-20,Chubut,-68.52699,-43.78851,2,0,0,2,
2020-04-20,Córdoba,-63.80186,-32.14292,260,38,7,215,
2020-04-20,Corrientes,-57.80480,-28.78006,34,2,0,32,
2020-04-20,Entre Ríos,-59.20145,-32.05887,22,10,0,12,
2020-04-20,Formosa,-59.93246,-24.89495,0,0,0,0,
2020-04-20,Jujuy,-65.76433,-23.31999,5,3,0,2,
2020-04-20,La Pampa,-65.44665,-37.13155,5,0,0,5,
2020-04-20,La Rioja,-67.18174,-29.68578,39,2,2,35,
2020-04-20,Mendoza,-68.58313,-34.62998,73,5,7,61,
2020-04-20,Misiones,-54.65168,-26.87541,5,0,0,5,
2020-04-20,Neuquén,-70.11877,-38.64170,102,2,4,96,
2020-04-20,Río Negro,-67.22940,-40.40577,137,7,6,124,
2020-04-20,Salta,-64.93286,-25.03768,3,0,0,3,
2020-04-20,San Juan,-68.88949,-30.86537,2,0,0,2,
2020-04-20,San Luis,-66.02813,-33.75773,11,0,0,11,
2020-04-20,Santa Cruz,-69.95597,-48.81547,41,5,0,36,
2020-04-20,Santa Fe,-60.94991,-30.70707,224,27,2,195,
2020-04-20,Santiago del Estero,-63.25238,-27.78242,12,3,0,9,
2020-04-20,T. del Fuego + Malvinas,-67.47126,-54.32989,122,36,0,86,
2020-04-20,Tucumán,-65.36485,-26.94806,31,3,4,24,
2020-04-21,Buenos Aires,-60.55722,-36.67373,975,120,42,813,
2020-04-21,CABA,-58.44591,-34.61449,761,301,36,424,
2020-04-21,Catamarca,-66.94769,-27.33589,0,0,0,0,
2020-04-21,Chaco,-60.76583,-26.38643,263,56,9,198,
2020-04-21,Chubut,-68.52699,-43.78851,2,0,0,2,
2020-04-21,Córdoba,-63.80186,-32.14292,260,38,7,215,
2020-04-21,Corrientes,-57.80480,-28.78006,34,2,0,32,
2020-04-21,Entre Ríos,-59.20145,-32.05887,22,10,0,12,
2020-04-21,Formosa,-59.93246,-24.89495,0,0,0,0,
2020-04-21,Jujuy,-65.76433,-23.31999,5,3,0,2,
2020-04-21,La Pampa,-65.44665,-37.13155,5,0,0,5,
2020-04-21,La Rioja,-67.18174,-29.68578,40,2,4,34,
2020-04-21,Mendoza,-68.58313,-34.62998,73,5,7,61,
2020-04-21,Misiones,-54.65168,-26.87541,5,0,0,5,
2020-04-21,Neuquén,-70.11877,-38.64170,102,2,4,96,
2020-04-21,Río Negro,-67.22940,-40.40577,148,7,6,135,
2020-04-21,Salta,-64.93286,-25.03768,3,0,0,3,
2020-04-21,San Juan,-68.88949,-30.86537,2,0,0,2,
2020-04-21,San Luis,-66.02813,-33.75773,11,0,0,11,
2020-04-21,Santa Cruz,-69.95597,-48.81547,41,5,0,36,
2020-04-21,Santa Fe,-60.94991,-30.70707,225,27,2,196,
2020-04-21,Santiago del Estero,-63.25238,-27.78242,12,3,0,9,
2020-04-21,T. del Fuego + Malvinas,-67.47126,-54.32989,124,36,0,88,
2020-04-21,Tucumán,-65.36485,-26.94806,31,3,4,24,
2020-04-22,Buenos Aires,-60.55722,-36.67373,1036,120,47,869,
2020-04-22,CABA,-58.44591,-34.61449,800,301,38,461,
2020-04-22,Catamarca,-66.94769,-27.33589,0,0,0,0,
2020-04-22,Chaco,-60.76583,-26.38643,270,56,9,205,
2020-04-22,Chubut,-68.52699,-43.78851,2,0,0,2,
2020-04-22,Córdoba,-63.80186,-32.14292,264,38,8,218,
2020-04-22,Corrientes,-57.80480,-28.78006,34,2,0,32,
2020-04-22,Entre Ríos,-59.20145,-32.05887,22,10,0,12,
2020-04-22,Formosa,-59.93246,-24.89495,0,0,0,0,
2020-04-22,Jujuy,-65.76433,-23.31999,5,3,0,2,
2020-04-22,La Pampa,-65.44665,-37.13155,5,0,0,5,
2020-04-22,La Rioja,-67.18174,-29.68578,45,2,4,39,
2020-04-22,Mendoza,-68.58313,-34.62998,74,5,7,62,
2020-04-22,Misiones,-54.65168,-26.87541,5,0,0,5,
2020-04-22,Neuquén,-70.11877,-38.64170,103,2,4,97,
2020-04-22,Río Negro,-67.22940,-40.40577,165,7,6,152,
2020-04-22,Salta,-64.93286,-25.03768,3,0,0,3,
2020-04-22,San Juan,-68.88949,-30.86537,2,0,0,2,
2020-04-22,San Luis,-66.02813,-33.75773,11,0,0,11,
2020-04-22,Santa Cruz,-69.95597,-48.81547,41,5,0,36,
2020-04-22,Santa Fe,-60.94991,-30.70707,230,27,2,201,
2020-04-22,Santiago del Estero,-63.25238,-27.78242,12,3,0,9,
2020-04-22,T. del Fuego + Malvinas,-67.47126,-54.32989,124,36,0,88,
2020-04-22,Tucumán,-65.36485,-26.94806,35,3,4,28,
2020-04-23,Buenos Aires,-60.55722,-36.67373,1120,,,,
2020-04-23,CABA,-58.44591,-34.61449,837,,,,
2020-04-23,Catamarca,-66.94769,-27.33589,0,,,,
2020-04-23,Chaco,-60.76583,-26.38643,280,,,,
2020-04-23,Chubut,-68.52699,-43.78851,2,,,,
2020-04-23,Córdoba,-63.80186,-32.14292,266,,,,
2020-04-23,Corrientes,-57.80480,-28.78006,35,,,,
2020-04-23,Entre Ríos,-59.20145,-32.05887,22,,,,
2020-04-23,Formosa,-59.93246,-24.89495,0,,,,
2020-04-23,Jujuy,-65.76433,-23.31999,5,,,,
2020-04-23,La Pampa,-65.44665,-37.13155,5,,,,
2020-04-23,La Rioja,-67.18174,-29.68578,45,,,,
2020-04-23,Mendoza,-68.58313,-34.62998,75,,,,
2020-04-23,Misiones,-54.65168,-26.87541,5,,,,
2020-04-23,Neuquén,-70.11877,-38.64170,104,,,,
2020-04-23,Río Negro,-67.22940,-40.40577,169,,,,
2020-04-23,Salta,-64.93286,-25.03768,3,,,,
2020-04-23,San Juan,-68.88949,-30.86537,2,,,,
2020-04-23,San Luis,-66.02813,-33.75773,11,,,,
2020-04-23,Santa Cruz,-69.95597,-48.81547,41,,,,
2020-04-23,Santa Fe,-60.94991,-30.70707,236,,,,
2020-04-23,Santiago del Estero,-63.25238,-27.78242,12,,,,
2020-04-23,T. del Fuego + Malvinas,-67.47126,-54.32989,125,,,,
2020-04-23,Tucumán,-65.36485,-26.94806,34,,,,
2020-04-24,Buenos Aires,-60.55722,-36.67373,1181,,,,
2020-04-24,CABA,-58.44591,-34.61449,916,,,,
2020-04-24,Catamarca,-66.94769,-27.33589,0,,,,
2020-04-24,Chaco,-60.76583,-26.38643,287,,,,
2020-04-24,Chubut,-68.52699,-43.78851,2,,,,
2020-04-24,Córdoba,-63.80186,-32.14292,269,,,,
2020-04-24,Corrientes,-57.80480,-28.78006,39,,,,
2020-04-24,Entre Ríos,-59.20145,-32.05887,22,,,,
2020-04-24,Formosa,-59.93246,-24.89495,0,,,,
2020-04-24,Jujuy,-65.76433,-23.31999,5,,,,
2020-04-24,La Pampa,-65.44665,-37.13155,5,,,,
2020-04-24,La Rioja,-67.18174,-29.68578,47,,,,
2020-04-24,Mendoza,-68.58313,-34.62998,75,,,,
2020-04-24,Misiones,-54.65168,-26.87541,6,,,,
2020-04-24,Neuquén,-70.11877,-38.64170,104,,,,
2020-04-24,Río Negro,-67.22940,-40.40577,180,,,,
2020-04-24,Salta,-64.93286,-25.03768,3,,,,
2020-04-24,San Juan,-68.88949,-30.86537,2,,,,
2020-04-24,San Luis,-66.02813,-33.75773,11,,,,
2020-04-24,Santa Cruz,-69.95597,-48.81547,42,,,,
2020-04-24,Santa Fe,-60.94991,-30.70707,239,,,,
2020-04-24,Santiago del Estero,-63.25238,-27.78242,12,,,,
2020-04-24,T. del Fuego + Malvinas,-67.47126,-54.32989,126,,,,
2020-04-24,Tucumán,-65.36485,-26.94806,34,,,,
2020-04-25,Buenos Aires,-60.55722,-36.67373,1275,,,,
2020-04-25,CABA,-58.44591,-34.61449,971,,,,
2020-04-25,Catamarca,-66.94769,-27.33589,0,,,,
2020-04-25,Chaco,-60.76583,-26.38643,294,,,,
2020-04-25,Chubut,-68.52699,-43.78851,2,,,,
2020-04-25,Córdoba,-63.80186,-32.14292,270,,,,
2020-04-25,Corrientes,-57.80480,-28.78006,40,,,,
2020-04-25,Entre Ríos,-59.20145,-32.05887,22,,,,
2020-04-25,Formosa,-59.93246,-24.89495,0,,,,
2020-04-25,Jujuy,-65.76433,-23.31999,5,,,,
2020-04-25,La Pampa,-65.44665,-37.13155,5,,,,
2020-04-25,La Rioja,-67.18174,-29.68578,50,,,,
2020-04-25,Mendoza,-68.58313,-34.62998,75,,,,
2020-04-25,Misiones,-54.65168,-26.87541,6,,,,
2020-04-25,Neuquén,-70.11877,-38.64170,104,,,,
2020-04-25,Río Negro,-67.22940,-40.40577,184,,,,
2020-04-25,Salta,-64.93286,-25.03768,3,,,,
2020-04-25,San Juan,-68.88949,-30.86537,2,,,,
2020-04-25,San Luis,-66.02813,-33.75773,11,,,,
2020-04-25,Santa Cruz,-69.95597,-48.81547,42,,,,
2020-04-25,Santa Fe,-60.94991,-30.70707,242,,,,
2020-04-25,Santiago del Estero,-63.25238,-27.78242,13,,,,
2020-04-25,T. del Fuego + Malvinas,-67.47126,-54.32989,130,,,,
2020-04-25,Tucumán,-65.36485,-26.94806,34,,,,
2020-04-26,Buenos Aires,-60.55722,-36.67373,1331,,,,
2020-04-26,CABA,-58.44591,-34.61449,1007,,,,
2020-04-26,Catamarca,-66.94769,-27.33589,0,,,,
2020-04-26,Chaco,-60.76583,-26.38643,297,,,,
2020-04-26,Chubut,-68.52699,-43.78851,2,,,,
2020-04-26,Córdoba,-63.80186,-32.14292,273,,,,
2020-04-26,Corrientes,-57.80480,-28.78006,46,,,,
2020-04-26,Entre Ríos,-59.20145,-32.05887,23,,,,
2020-04-26,Formosa,-59.93246,-24.89495,0,,,,
2020-04-26,Jujuy,-65.76433,-23.31999,5,,,,
2020-04-26,La Pampa,-65.44665,-37.13155,5,,,,
2020-04-26,La Rioja,-67.18174,-29.68578,50,,,,
2020-04-26,Mendoza,-68.58313,-34.62998,75,,,,
2020-04-26,Misiones,-54.65168,-26.87541,6,,,,
2020-04-26,Neuquén,-70.11877,-38.64170,105,,,,
2020-04-26,Río Negro,-67.22940,-40.40577,185,,,,
2020-04-26,Salta,-64.93286,-25.03768,4,,,,
2020-04-26,San Juan,-68.88949,-30.86537,2,,,,
2020-04-26,San Luis,-66.02813,-33.75773,11,,,,
2020-04-26,Santa Cruz,-69.95597,-48.81547,43,,,,
2020-04-26,Santa Fe,-60.94991,-30.70707,242,,,,
2020-04-26,Santiago del Estero,-63.25238,-27.78242,15,,,,
2020-04-26,T. del Fuego + Malvinas,-67.47126,-54.32989,130,,,,
2020-04-26,Tucumán,-65.36485,-26.94806,35,,,,
2020-04-27,Buenos Aires,-60.55722,-36.67373,1381,,,,
2020-04-27,CABA,-58.44591,-34.61449,1039,,,,
2020-04-27,Catamarca,-66.94769,-27.33589,0,,,,
2020-04-27,Chaco,-60.76583,-26.38643,307,,,,
2020-04-27,Chubut,-68.52699,-43.78851,2,,,,
2020-04-27,Córdoba,-63.80186,-32.14292,273,,,,
2020-04-27,Corrientes,-57.80480,-28.78006,46,,,,
2020-04-27,Entre Ríos,-59.20145,-32.05887,23,,,,
2020-04-27,Formosa,-59.93246,-24.89495,0,,,,
2020-04-27,Jujuy,-65.76433,-23.31999,5,,,,
2020-04-27,La Pampa,-65.44665,-37.13155,5,,,,
2020-04-27,La Rioja,-67.18174,-29.68578,50,,,,
2020-04-27,Mendoza,-68.58313,-34.62998,75,,,,
2020-04-27,Misiones,-54.65168,-26.87541,8,,,,
2020-04-27,Neuquén,-70.11877,-38.64170,108,,,,
2020-04-27,Río Negro,-67.22940,-40.40577,193,,,,
2020-04-27,Salta,-64.93286,-25.03768,4,,,,
2020-04-27,San Juan,-68.88949,-30.86537,2,,,,
2020-04-27,San Luis,-66.02813,-33.75773,11,,,,
2020-04-27,Santa Cruz,-69.95597,-48.81547,48,,,,
2020-04-27,Santa Fe,-60.94991,-30.70707,242,,,,
2020-04-27,Santiago del Estero,-63.25238,-27.78242,15,,,,
2020-04-27,T. del Fuego + Malvinas,-67.47126,-54.32989,131,,,,
2020-04-27,Tucumán,-65.36485,-26.94806,35,,,,
2020-04-28,Buenos Aires,-60.55722,-36.67373,1429,,,,
2020-04-28,CABA,-58.44591,-34.61449,1089,,,,
2020-04-28,Catamarca,-66.94769,-27.33589,0,,,,
2020-04-28,Chaco,-60.76583,-26.38643,307,,,,
2020-04-28,Chubut,-68.52699,-43.78851,2,,,,
2020-04-28,Córdoba,-63.80186,-32.14292,275,,,,
2020-04-28,Corrientes,-57.80480,-28.78006,47,,,,
2020-04-28,Entre Ríos,-59.20145,-32.05887,23,,,,
2020-04-28,Formosa,-59.93246,-24.89495,0,,,,
2020-04-28,Jujuy,-65.76433,-23.31999,5,,,,
2020-04-28,La Pampa,-65.44665,-37.13155,5,,,,
2020-04-28,La Rioja,-67.18174,-29.68578,51,,,,
2020-04-28,Mendoza,-68.58313,-34.62998,76,,,,
2020-04-28,Misiones,-54.65168,-26.87541,8,,,,
2020-04-28,Neuquén,-70.11877,-38.64170,108,,,,
2020-04-28,Río Negro,-67.22940,-40.40577,206,,,,
2020-04-28,Salta,-64.93286,-25.03768,4,,,,
2020-04-28,San Juan,-68.88949,-30.86537,2,,,,
2020-04-28,San Luis,-66.02813,-33.75773,11,,,,
2020-04-28,Santa Cruz,-69.95597,-48.81547,48,,,,
2020-04-28,Santa Fe,-60.94991,-30.70707,243,,,,
2020-04-28,Santiago del Estero,-63.25238,-27.78242,15,,,,
2020-04-28,T. del Fuego + Malvinas,-67.47126,-54.32989,137,,,,
2020-04-28,Tucumán,-65.36485,-26.94806,36,,,,
2020-04-29,Buenos Aires,-60.55722,-36.67373,1532,,,,
2020-04-29,CABA,-58.44591,-34.61449,1123,,,,
2020-04-29,Catamarca,-66.94769,-27.33589,0,,,,
2020-04-29,Chaco,-60.76583,-26.38643,311,,,,
2020-04-29,Chubut,-68.52699,-43.78851,2,,,,
2020-04-29,Córdoba,-63.80186,-32.14292,276,,,,
2020-04-29,Corrientes,-57.80480,-28.78006,47,,,,
2020-04-29,Entre Ríos,-59.20145,-32.05887,23,,,,
2020-04-29,Formosa,-59.93246,-24.89495,0,,,,
2020-04-29,Jujuy,-65.76433,-23.31999,5,,,,
2020-04-29,La Pampa,-65.44665,-37.13155,5,,,,
2020-04-29,La Rioja,-67.18174,-29.68578,52,,,,
2020-04-29,Mendoza,-68.58313,-34.62998,78,,,,
2020-04-29,Misiones,-54.65168,-26.87541,12,,,,
2020-04-29,Neuquén,-70.11877,-38.64170,109,,,,
2020-04-29,Río Negro,-67.22940,-40.40577,214,,,,
2020-04-29,Salta,-64.93286,-25.03768,4,,,,
2020-04-29,San Juan,-68.88949,-30.86537,2,,,,
2020-04-29,San Luis,-66.02813,-33.75773,11,,,,
2020-04-29,Santa Cruz,-69.95597,-48.81547,48,,,,
2020-04-29,Santa Fe,-60.94991,-30.70707,243,,,,
2020-04-29,Santiago del Estero,-63.25238,-27.78242,15,,,,
2020-04-29,T. del Fuego + Malvinas,-67.47126,-54.32989,137,,,,
2020-04-29,Tucumán,-65.36485,-26.94806,36,,,,
2020-04-30,Buenos Aires,-60.55722,-36.67373,1598,,,,
2020-04-30,CABA,-58.44591,-34.61449,1168,,,,
2020-04-30,Catamarca,-66.94769,-27.33589,0,,,,
2020-04-30,Chaco,-60.76583,-26.38643,314,,,,
2020-04-30,Chubut,-68.52699,-43.78851,2,,,,
2020-04-30,Córdoba,-63.80186,-32.14292,278,,,,
2020-04-30,Corrientes,-57.80480,-28.78006,48,,,,
2020-04-30,Entre Ríos,-59.20145,-32.05887,23,,,,
2020-04-30,Formosa,-59.93246,-24.89495,0,,,,
2020-04-30,Jujuy,-65.76433,-23.31999,5,,,,
2020-04-30,La Pampa,-65.44665,-37.13155,5,,,,
2020-04-30,La Rioja,-67.18174,-29.68578,52,,,,
2020-04-30,Mendoza,-68.58313,-34.62998,83,,,,
2020-04-30,Misiones,-54.65168,-26.87541,12,,,,
2020-04-30,Neuquén,-70.11877,-38.64170,111,,,,
2020-04-30,Río Negro,-67.22940,-40.40577,228,,,,
2020-04-30,Salta,-64.93286,-25.03768,4,,,,
2020-04-30,San Juan,-68.88949,-30.86537,2,,,,
2020-04-30,San Luis,-66.02813,-33.75773,11,,,,
2020-04-30,Santa Cruz,-69.95597,-48.81547,49,,,,
2020-04-30,Santa Fe,-60.94991,-30.70707,243,,,,
2020-04-30,Santiago del Estero,-63.25238,-27.78242,15,,,,
2020-04-30,T. del Fuego + Malvinas,-67.47126,-54.32989,139,,,,
2020-04-30,Tucumán,-65.36485,-26.94806,38,,,,
2020-05-01,Buenos Aires,-60.55722,-36.67373,1632,,,,
2020-05-01,CABA,-58.44591,-34.61449,1197,,,,
2020-05-01,Catamarca,-66.94769,-27.33589,0,,,,
2020-05-01,Chaco,-60.76583,-26.38643,326,,,,
2020-05-01,Chubut,-68.52699,-43.78851,3,,,,
2020-05-01,Córdoba,-63.80186,-32.14292,291,,,,
2020-05-01,Corrientes,-57.80480,-28.78006,49,,,,
2020-05-01,Entre Ríos,-59.20145,-32.05887,25,,,,
2020-05-01,Formosa,-59.93246,-24.89495,0,,,,
2020-05-01,Jujuy,-65.76433,-23.31999,5,,,,
2020-05-01,La Pampa,-65.44665,-37.13155,5,,,,
2020-05-01,La Rioja,-67.18174,-29.68578,55,,,,
2020-05-01,Mendoza,-68.58313,-34.62998,84,,,,
2020-05-01,Misiones,-54.65168,-26.87541,12,,,,
2020-05-01,Neuquén,-70.11877,-38.64170,111,,,,
2020-05-01,Río Negro,-67.22940,-40.40577,236,,,,
2020-05-01,Salta,-64.93286,-25.03768,4,,,,
2020-05-01,San Juan,-68.88949,-30.86537,2,,,,
2020-05-01,San Luis,-66.02813,-33.75773,11,,,,
2020-05-01,Santa Cruz,-69.95597,-48.81547,49,,,,
2020-05-01,Santa Fe,-60.94991,-30.70707,243,,,,
2020-05-01,Santiago del Estero,-63.25238,-27.78242,15,,,,
2020-05-01,T. del Fuego + Malvinas,-67.47126,-54.32989,140,,,,
2020-05-01,Tucumán,-65.36485,-26.94806,38,,,,
2020-05-02,Buenos Aires,-60.55722,-36.67373,1677,,,,
2020-05-02,CABA,-58.44591,-34.61449,1255,,,,
2020-05-02,Catamarca,-66.94769,-27.33589,0,,,,
2020-05-02,Chaco,-60.76583,-26.38643,337,,,,
2020-05-02,Chubut,-68.52699,-43.78851,4,,,,
2020-05-02,Córdoba,-63.80186,-32.14292,303,,,,
2020-05-02,Corrientes,-57.80480,-28.78006,49,,,,
2020-05-02,Entre Ríos,-59.20145,-32.05887,25,,,,
2020-05-02,Formosa,-59.93246,-24.89495,0,,,,
2020-05-02,Jujuy,-65.76433,-23.31999,5,,,,
2020-05-02,La Pampa,-65.44665,-37.13155,5,,,,
2020-05-02,La Rioja,-67.18174,-29.68578,55,,,,
2020-05-02,Mendoza,-68.58313,-34.62998,84,,,,
2020-05-02,Misiones,-54.65168,-26.87541,24,,,,
2020-05-02,Neuquén,-70.11877,-38.64170,110,,,,
2020-05-02,Río Negro,-67.22940,-40.40577,242,,,,
2020-05-02,Salta,-64.93286,-25.03768,4,,,,
2020-05-02,San Juan,-68.88949,-30.86537,2,,,,
2020-05-02,San Luis,-66.02813,-33.75773,11,,,,
2020-05-02,Santa Cruz,-69.95597,-48.81547,49,,,,
2020-05-02,Santa Fe,-60.94991,-30.70707,243,,,,
2020-05-02,Santiago del Estero,-63.25238,-27.78242,15,,,,
2020-05-02,T. del Fuego + Malvinas,-67.47126,-54.32989,143,,,,
2020-05-02,Tucumán,-65.36485,-26.94806,38,,,,
2020-05-03,Buenos Aires,-60.55722,-36.67373,1715,,,,
2020-05-03,CABA,-58.44591,-34.61449,1304,,,,
2020-05-03,Catamarca,-66.94769,-27.33589,0,,,,
2020-05-03,Chaco,-60.76583,-26.38643,342,,,,
2020-05-03,Chubut,-68.52699,-43.78851,4,,,,
2020-05-03,Córdoba,-63.80186,-32.14292,304,,,,
2020-05-03,Corrientes,-57.80480,-28.78006,49,,,,
2020-05-03,Entre Ríos,-59.20145,-32.05887,27,,,,
2020-05-03,Formosa,-59.93246,-24.89495,0,,,,
2020-05-03,Jujuy,-65.76433,-23.31999,5,,,,
2020-05-03,La Pampa,-65.44665,-37.13155,5,,,,
2020-05-03,La Rioja,-67.18174,-29.68578,55,,,,
2020-05-03,Mendoza,-68.58313,-34.62998,84,,,,
2020-05-03,Misiones,-54.65168,-26.87541,24,,,,
2020-05-03,Neuquén,-70.11877,-38.64170,110,,,,
2020-05-03,Río Negro,-67.22940,-40.40577,248,,,,
2020-05-03,Salta,-64.93286,-25.03768,4,,,,
2020-05-03,San Juan,-68.88949,-30.86537,2,,,,
2020-05-03,San Luis,-66.02813,-33.75773,11,,,,
2020-05-03,Santa Cruz,-69.95597,-48.81547,49,,,,
2020-05-03,Santa Fe,-60.94991,-30.70707,243,,,,
2020-05-03,Santiago del Estero,-63.25238,-27.78242,15,,,,
2020-05-03,T. del Fuego + Malvinas,-67.47126,-54.32989,145,,,,
2020-05-03,Tucumán,-65.36485,-26.94806,38,,,,
2020-05-04,Buenos Aires,-60.55722,-36.67373,1753,,,,
2020-05-04,CABA,-58.44591,-34.61449,1347,,,,
2020-05-04,Catamarca,-66.94769,-27.33589,0,,,,
2020-05-04,Chaco,-60.76583,-26.38643,347,,,,
2020-05-04,Chubut,-68.52699,-43.78851,4,,,,
2020-05-04,Córdoba,-63.80186,-32.14292,310,,,,
2020-05-04,Corrientes,-57.80480,-28.78006,48,,,,
2020-05-04,Entre Ríos,-59.20145,-32.05887,27,,,,
2020-05-04,Formosa,-59.93246,-24.89495,0,,,,
2020-05-04,Jujuy,-65.76433,-23.31999,5,,,,
2020-05-04,La Pampa,-65.44665,-37.13155,5,,,,
2020-05-04,La Rioja,-67.18174,-29.68578,56,,,,
2020-05-04,Mendoza,-68.58313,-34.62998,84,,,,
2020-05-04,Misiones,-54.65168,-26.87541,25,,,,
2020-05-04,Neuquén,-70.11877,-38.64170,110,,,,
2020-05-04,Río Negro,-67.22940,-40.40577,255,,,,
2020-05-04,Salta,-64.93286,-25.03768,4,,,,
2020-05-04,San Juan,-68.88949,-30.86537,2,,,,
2020-05-04,San Luis,-66.02813,-33.75773,11,,,,
2020-05-04,Santa Cruz,-69.95597,-48.81547,49,,,,
2020-05-04,Santa Fe,-60.94991,-30.70707,243,,,,
2020-05-04,Santiago del Estero,-63.25238,-27.78242,15,,,,
2020-05-04,T. del Fuego + Malvinas,-67.47126,-54.32989,145,,,,
2020-05-04,Tucumán,-65.36485,-26.94806,41,,,,
2020-05-05,Buenos Aires,-60.55722,-36.67373,1811,,,,
2020-05-05,CABA,-58.44591,-34.61449,1404,,,,
2020-05-05,Catamarca,-66.94769,-27.33589,0,,,,
2020-05-05,Chaco,-60.76583,-26.38643,358,,,,
2020-05-05,Chubut,-68.52699,-43.78851,4,,,,
2020-05-05,Córdoba,-63.80186,-32.14292,311,,,,
2020-05-05,Corrientes,-57.80480,-28.78006,48,,,,
2020-05-05,Entre Ríos,-59.20145,-32.05887,28,,,,
2020-05-05,Formosa,-59.93246,-24.89495,0,,,,
2020-05-05,Jujuy,-65.76433,-23.31999,5,,,,
2020-05-05,La Pampa,-65.44665,-37.13155,5,,,,
2020-05-05,La Rioja,-67.18174,-29.68578,56,,,,
2020-05-05,Mendoza,-68.58313,-34.62998,85,,,,
2020-05-05,Misiones,-54.65168,-26.87541,25,,,,
2020-05-05,Neuquén,-70.11877,-38.64170,110,,,,
2020-05-05,Río Negro,-67.22940,-40.40577,259,,,,
2020-05-05,Salta,-64.93286,-25.03768,4,,,,
2020-05-05,San Juan,-68.88949,-30.86537,2,,,,
2020-05-05,San Luis,-66.02813,-33.75773,11,,,,
2020-05-05,Santa Cruz,-69.95597,-48.81547,49,,,,
2020-05-05,Santa Fe,-60.94991,-30.70707,244,,,,
2020-05-05,Santiago del Estero,-63.25238,-27.78242,15,,,,
2020-05-05,T. del Fuego + Malvinas,-67.47126,-54.32989,145,,,,
2020-05-05,Tucumán,-65.36485,-26.94806,41,,,,
2020-05-06,Buenos Aires,-60.55722,-36.67373,1874,,,,
2020-05-06,CABA,-58.44591,-34.61449,1506,,,,
2020-05-06,Catamarca,-66.94769,-27.33589,0,,,,
2020-05-06,Chaco,-60.76583,-26.38643,366,,,,
2020-05-06,Chubut,-68.52699,-43.78851,4,,,,
2020-05-06,Córdoba,-63.80186,-32.14292,316,,,,
2020-05-06,Corrientes,-57.80480,-28.78006,51,,,,
2020-05-06,Entre Ríos,-59.20145,-32.05887,28,,,,
2020-05-06,Formosa,-59.93246,-24.89495,0,,,,
2020-05-06,Jujuy,-65.76433,-23.31999,5,,,,
2020-05-06,La Pampa,-65.44665,-37.13155,5,,,,
2020-05-06,La Rioja,-67.18174,-29.68578,57,,,,
2020-05-06,Mendoza,-68.58313,-34.62998,85,,,,
2020-05-06,Misiones,-54.65168,-26.87541,25,,,,
2020-05-06,Neuquén,-70.11877,-38.64170,110,,,,
2020-05-06,Río Negro,-67.22940,-40.40577,265,,,,
2020-05-06,Salta,-64.93286,-25.03768,4,,,,
2020-05-06,San Juan,-68.88949,-30.86537,2,,,,
2020-05-06,San Luis,-66.02813,-33.75773,11,,,,
2020-05-06,Santa Cruz,-69.95597,-48.81547,49,,,,
2020-05-06,Santa Fe,-60.94991,-30.70707,244,,,,
2020-05-06,Santiago del Estero,-63.25238,-27.78242,15,,,,
2020-05-06,T. del Fuego + Malvinas,-67.47126,-54.32989,145,,,,
2020-05-06,Tucumán,-65.36485,-26.94806,41,,,,
2020-05-07,Buenos Aires,-60.55722,-36.67373,1924,,,,
2020-05-07,CABA,-58.44591,-34.61449,1583,,,,
2020-05-07,Catamarca,-66.94769,-27.33589,0,,,,
2020-05-07,Chaco,-60.76583,-26.38643,392,,,,
2020-05-07,Chubut,-68.52699,-43.78851,4,,,,
2020-05-07,Córdoba,-63.80186,-32.14292,320,,,,
2020-05-07,Corrientes,-57.80480,-28.78006,52,,,,
2020-05-07,Entre Ríos,-59.20145,-32.05887,28,,,,
2020-05-07,Formosa,-59.93246,-24.89495,0,,,,
2020-05-07,Jujuy,-65.76433,-23.31999,5,,,,
2020-05-07,La Pampa,-65.44665,-37.13155,5,,,,
2020-05-07,La Rioja,-67.18174,-29.68578,58,,,,
2020-05-07,Mendoza,-68.58313,-34.62998,85,,,,
2020-05-07,Misiones,-54.65168,-26.87541,25,,,,
2020-05-07,Neuquén,-70.11877,-38.64170,110,,,,
2020-05-07,Río Negro,-67.22940,-40.40577,268,,,,
2020-05-07,Salta,-64.93286,-25.03768,4,,,,
2020-05-07,San Juan,-68.88949,-30.86537,3,,,,
2020-05-07,San Luis,-66.02813,-33.75773,11,,,,
2020-05-07,Santa Cruz,-69.95597,-48.81547,49,,,,
2020-05-07,Santa Fe,-60.94991,-30.70707,244,,,,
2020-05-07,Santiago del Estero,-63.25238,-27.78242,15,,,,
2020-05-07,T. del Fuego + Malvinas,-67.47126,-54.32989,145,,,,
2020-05-07,Tucumán,-65.36485,-26.94806,41,,,,
2020-05-08,Buenos Aires,-60.55722,-36.67373,2001,,,,
2020-05-08,CABA,-58.44591,-34.61449,1713,,,,
2020-05-08,Catamarca,-66.94769,-27.33589,0,,,,
2020-05-08,Chaco,-60.76583,-26.38643,418,,,,
2020-05-08,Chubut,-68.52699,-43.78851,4,,,,
2020-05-08,Córdoba,-63.80186,-32.14292,322,,,,
2020-05-08,Corrientes,-57.80480,-28.78006,53,,,,
2020-05-08,Entre Ríos,-59.20145,-32.05887,28,,,,
2020-05-08,Formosa,-59.93246,-24.89495,0,,,,
2020-05-08,Jujuy,-65.76433,-23.31999,5,,,,
2020-05-08,La Pampa,-65.44665,-37.13155,5,,,,
2020-05-08,La Rioja,-67.18174,-29.68578,59,,,,
2020-05-08,Mendoza,-68.58313,-34.62998,86,,,,
2020-05-08,Misiones,-54.65168,-26.87541,25,,,,
2020-05-08,Neuquén,-70.11877,-38.64170,110,,,,
2020-05-08,Río Negro,-67.22940,-40.40577,270,,,,
2020-05-08,Salta,-64.93286,-25.03768,4,,,,
2020-05-08,San Juan,-68.88949,-30.86537,3,,,,
2020-05-08,San Luis,-66.02813,-33.75773,11,,,,
2020-05-08,Santa Cruz,-69.95597,-48.81547,49,,,,
2020-05-08,Santa Fe,-60.94991,-30.70707,244,,,,
2020-05-08,Santiago del Estero,-63.25238,-27.78242,15,,,,
2020-05-08,T. del Fuego + Malvinas,-67.47126,-54.32989,145,,,,
2020-05-08,Tucumán,-65.36485,-26.94806,41,,,,
2020-05-09,Buenos Aires,-60.55722,-36.67373,2061,,,,
2020-05-09,CABA,-58.44591,-34.61449,1796,,,,
2020-05-09,Catamarca,-66.94769,-27.33589,0,,,,
2020-05-09,Chaco,-60.76583,-26.38643,427,,,,
2020-05-09,Chubut,-68.52699,-43.78851,4,,,,
2020-05-09,Córdoba,-63.80186,-32.14292,328,,,,
2020-05-09,Corrientes,-57.80480,-28.78006,54,,,,
2020-05-09,Entre Ríos,-59.20145,-32.05887,28,,,,
2020-05-09,Formosa,-59.93246,-24.89495,0,,,,
2020-05-09,Jujuy,-65.76433,-23.31999,5,,,,
2020-05-09,La Pampa,-65.44665,-37.13155,5,,,,
2020-05-09,La Rioja,-67.18174,-29.68578,59,,,,
2020-05-09,Mendoza,-68.58313,-34.62998,86,,,,
2020-05-09,Misiones,-54.65168,-26.87541,25,,,,
2020-05-09,Neuquén,-70.11877,-38.64170,111,,,,
2020-05-09,Río Negro,-67.22940,-40.40577,274,,,,
2020-05-09,Salta,-64.93286,-25.03768,4,,,,
2020-05-09,San Juan,-68.88949,-30.86537,3,,,,
2020-05-09,San Luis,-66.02813,-33.75773,11,,,,
2020-05-09,Santa Cruz,-69.95597,-48.81547,49,,,,
2020-05-09,Santa Fe,-60.94991,-30.70707,244,,,,
2020-05-09,Santiago del Estero,-63.25238,-27.78242,15,,,,
2020-05-09,T. del Fuego + Malvinas,-67.47126,-54.32989,146,,,,
2020-05-09,Tucumán,-65.36485,-26.94806,41,,,,
2020-05-10,Buenos Aires,-60.55722,-36.67373,2112,,,,
2020-05-10,CABA,-58.44591,-34.61449,1961,,,,
2020-05-10,Catamarca,-66.94769,-27.33589,0,,,,
2020-05-10,Chaco,-60.76583,-26.38643,459,,,,
2020-05-10,Chubut,-68.52699,-43.78851,4,,,,
2020-05-10,Córdoba,-63.80186,-32.14292,333,,,,
2020-05-10,Corrientes,-57.80480,-28.78006,54,,,,
2020-05-10,Entre Ríos,-59.20145,-32.05887,28,,,,
2020-05-10,Formosa,-59.93246,-24.89495,0,,,,
2020-05-10,Jujuy,-65.76433,-23.31999,5,,,,
2020-05-10,La Pampa,-65.44665,-37.13155,5,,,,
2020-05-10,La Rioja,-67.18174,-29.68578,59,,,,
2020-05-10,Mendoza,-68.58313,-34.62998,86,,,,
2020-05-10,Misiones,-54.65168,-26.87541,25,,,,
2020-05-10,Neuquén,-70.11877,-38.64170,111,,,,
2020-05-10,Río Negro,-67.22940,-40.40577,276,,,,
2020-05-10,Salta,-64.93286,-25.03768,4,,,,
2020-05-10,San Juan,-68.88949,-30.86537,3,,,,
2020-05-10,San Luis,-66.02813,-33.75773,11,,,,
2020-05-10,Santa Cruz,-69.95597,-48.81547,49,,,,
2020-05-10,Santa Fe,-60.94991,-30.70707,244,,,,
2020-05-10,Santiago del Estero,-63.25238,-27.78242,16,,,,
2020-05-10,T. del Fuego + Malvinas,-67.47126,-54.32989,148,,,,
2020-05-10,Tucumán,-65.36485,-26.94806,41,,,,